,PN,PRODUCT-ASSY TYPE,Task,PN Task,PRODUCT-ASSY TYPE Task,ASSY TYPE,PARTS TYPE,ORDER TYPE,INQUIRY_OR_PO,Order Type,NUM_SITE,NUM_STRIP,SITE_TYPE,PN_PREFIX,PIC,JAGUAR,WCSP,STRIP,BI,TI,NON TI,Designation,CadExp_Enplas,Enplas_Years,CADWork_NonEnplas,NonCadWork,Total,Predicted Takt
0,QFN-28X32EPK-0.5-001,JAGUARSOCKETDIFFICULTPO,DRAWING - 2D&3D  ASSY,QFN-28X32EPK-0.5-001-DRAWING - 2D&3D  ASSY,JAGUARSOCKETDIFFICULTPO-DRAWING - 2D&3D  ASSY,JAGUAR,SOCKET,DIFFICULTPO,PO,PO,28,32,EPK,QFN,DJ,85,0,0,0,0,0,ADE,3.0,11.0,0.0,0.0,11.0,7.60816235550009
1,QFN-28X32EPK-0.5-001,JAGUARSOCKETDIFFICULTPO,DRAWING - 2D&3D  ASSY,QFN-28X32EPK-0.5-001-DRAWING - 2D&3D  ASSY,JAGUARSOCKETDIFFICULTPO-DRAWING - 2D&3D  ASSY,JAGUAR,SOCKET,DIFFICULTPO,PO,PO,28,32,EPK,QFN,MELVS,95,0,0,0,100,100,ADE,10.0,14.0,0.0,0.0,14.0,10.15706325838634
2,QFN-28X32EPK-0.5-001,JAGUARSOCKETDIFFICULTPO,DRAWING - 2D&3D  ASSY,QFN-28X32EPK-0.5-001-DRAWING - 2D&3D  ASSY,JAGUARSOCKETDIFFICULTPO-DRAWING - 2D&3D  ASSY,JAGUAR,SOCKET,DIFFICULTPO,PO,PO,28,32,EPK,QFN,MOI,0,0,0,100,85,0,DE,8.5,7.5,9.0,2.0,19.5,7.431597524966783
3,QFN-28X32EPK-0.5-001,JAGUARSOCKETDIFFICULTPO,DRAWING - 2D&3D  ASSY,QFN-28X32EPK-0.5-001-DRAWING - 2D&3D  ASSY,JAGUARSOCKETDIFFICULTPO-DRAWING - 2D&3D  ASSY,JAGUAR,SOCKET,DIFFICULTPO,PO,PO,28,32,EPK,QFN,JIM,85,0,0,0,0,0,DE,1.0,1.0,9.0,1.0,11.0,9.7573792652875
4,QFN-28X32EPK-0.5-001,JAGUARSOCKETDIFFICULTPO,FINAL CHECKING,QFN-28X32EPK-0.5-001-FINAL CHECKING,JAGUARSOCKETDIFFICULTPO-FINAL CHECKING,JAGUAR,SOCKET,DIFFICULTPO,PO,PO,28,32,EPK,QFN,DJ,85,0,0,0,0,0,ADE,3.0,11.0,0.0,0.0,11.0,1.96445097735772
5,QFN-28X32EPK-0.5-001,JAGUARSOCKETDIFFICULTPO,FINAL CHECKING,QFN-28X32EPK-0.5-001-FINAL CHECKING,JAGUARSOCKETDIFFICULTPO-FINAL CHECKING,JAGUAR,SOCKET,DIFFICULTPO,PO,PO,28,32,EPK,QFN,MELVS,95,0,0,0,100,100,ADE,10.0,14.0,0.0,0.0,14.0,3.0943875970129895
6,QFN-28X32EPK-0.5-001,JAGUARSOCKETDIFFICULTPO,FINAL CHECKING,QFN-28X32EPK-0.5-001-FINAL CHECKING,JAGUARSOCKETDIFFICULTPO-FINAL CHECKING,JAGUAR,SOCKET,DIFFICULTPO,PO,PO,28,32,EPK,QFN,MOI,0,0,0,100,85,0,DE,8.5,7.5,9.0,2.0,19.5,1.7429484225888103
7,QFN-28X32EPK-0.5-001,JAGUARSOCKETDIFFICULTPO,FINAL CHECKING,QFN-28X32EPK-0.5-001-FINAL CHECKING,JAGUARSOCKETDIFFICULTPO-FINAL CHECKING,JAGUAR,SOCKET,DIFFICULTPO,PO,PO,28,32,EPK,QFN,JIM,85,0,0,0,0,0,DE,1.0,1.0,9.0,1.0,11.0,1.8116425143702626
8,QFN-28X32EPK-0.5-001,JAGUARSOCKETDIFFICULTPO,THERMAL SIMULATION SET-UP,QFN-28X32EPK-0.5-001-THERMAL SIMULATION SET-UP,JAGUARSOCKETDIFFICULTPO-THERMAL SIMULATION SET-UP,JAGUAR,SOCKET,DIFFICULTPO,PO,PO,28,32,EPK,QFN,DJ,85,0,0,0,0,0,ADE,3.0,11.0,0.0,0.0,11.0,6.641056571596831
9,QFN-28X32EPK-0.5-001,JAGUARSOCKETDIFFICULTPO,THERMAL SIMULATION SET-UP,QFN-28X32EPK-0.5-001-THERMAL SIMULATION SET-UP,JAGUARSOCKETDIFFICULTPO-THERMAL SIMULATION SET-UP,JAGUAR,SOCKET,DIFFICULTPO,PO,PO,28,32,EPK,QFN,MELVS,95,0,0,0,100,100,ADE,10.0,14.0,0.0,0.0,14.0,6.720152939255309
10,QFN-28X32EPK-0.5-001,JAGUARSOCKETDIFFICULTPO,THERMAL SIMULATION SET-UP,QFN-28X32EPK-0.5-001-THERMAL SIMULATION SET-UP,JAGUARSOCKETDIFFICULTPO-THERMAL SIMULATION SET-UP,JAGUAR,SOCKET,DIFFICULTPO,PO,PO,28,32,EPK,QFN,MOI,0,0,0,100,85,0,DE,8.5,7.5,9.0,2.0,19.5,5.672279628849873
11,QFN-28X32EPK-0.5-001,JAGUARSOCKETDIFFICULTPO,THERMAL SIMULATION SET-UP,QFN-28X32EPK-0.5-001-THERMAL SIMULATION SET-UP,JAGUARSOCKETDIFFICULTPO-THERMAL SIMULATION SET-UP,JAGUAR,SOCKET,DIFFICULTPO,PO,PO,28,32,EPK,QFN,JIM,85,0,0,0,0,0,DE,1.0,1.0,9.0,1.0,11.0,7.1198564125434505
12,FP-28X35EPK-0.65-001-C0,JAGUARLIDDIFFICULTPO,CONCEPT CHECKING,FP-28X35EPK-0.65-001-C0-CONCEPT CHECKING,JAGUARLIDDIFFICULTPO-CONCEPT CHECKING,JAGUAR,LID,DIFFICULTPO,PO,PO,28,35,EPK,FP,DJ,85,0,0,0,0,0,ADE,3.0,11.0,0.0,0.0,11.0,2.879177628731689
13,FP-28X35EPK-0.65-001-C0,JAGUARLIDDIFFICULTPO,CONCEPT CHECKING,FP-28X35EPK-0.65-001-C0-CONCEPT CHECKING,JAGUARLIDDIFFICULTPO-CONCEPT CHECKING,JAGUAR,LID,DIFFICULTPO,PO,PO,28,35,EPK,FP,MELVS,95,0,0,0,100,100,ADE,10.0,14.0,0.0,0.0,14.0,4.46555928040754
14,FP-28X35EPK-0.65-001-C0,JAGUARLIDDIFFICULTPO,CONCEPT CHECKING,FP-28X35EPK-0.65-001-C0-CONCEPT CHECKING,JAGUARLIDDIFFICULTPO-CONCEPT CHECKING,JAGUAR,LID,DIFFICULTPO,PO,PO,28,35,EPK,FP,MOI,0,0,0,100,85,0,DE,8.5,7.5,9.0,2.0,19.5,2.9540939334892404
15,FP-28X35EPK-0.65-001-C0,JAGUARLIDDIFFICULTPO,CONCEPT CHECKING,FP-28X35EPK-0.65-001-C0-CONCEPT CHECKING,JAGUARLIDDIFFICULTPO-CONCEPT CHECKING,JAGUAR,LID,DIFFICULTPO,PO,PO,28,35,EPK,FP,JIM,85,0,0,0,0,0,DE,1.0,1.0,9.0,1.0,11.0,3.262831693706382
16,FP-28X35EPK-0.65-001-C0,JAGUARLIDDIFFICULTPO,DRAWING - 2D&3D  ASSY,FP-28X35EPK-0.65-001-C0-DRAWING - 2D&3D  ASSY,JAGUARLIDDIFFICULTPO-DRAWING - 2D&3D  ASSY,JAGUAR,LID,DIFFICULTPO,PO,PO,28,35,EPK,FP,DJ,85,0,0,0,0,0,ADE,3.0,11.0,0.0,0.0,11.0,7.056815517398228
17,FP-28X35EPK-0.65-001-C0,JAGUARLIDDIFFICULTPO,DRAWING - 2D&3D  ASSY,FP-28X35EPK-0.65-001-C0-DRAWING - 2D&3D  ASSY,JAGUARLIDDIFFICULTPO-DRAWING - 2D&3D  ASSY,JAGUAR,LID,DIFFICULTPO,PO,PO,28,35,EPK,FP,MELVS,95,0,0,0,100,100,ADE,10.0,14.0,0.0,0.0,14.0,8.135650864587143
18,FP-28X35EPK-0.65-001-C0,JAGUARLIDDIFFICULTPO,DRAWING - 2D&3D  ASSY,FP-28X35EPK-0.65-001-C0-DRAWING - 2D&3D  ASSY,JAGUARLIDDIFFICULTPO-DRAWING - 2D&3D  ASSY,JAGUAR,LID,DIFFICULTPO,PO,PO,28,35,EPK,FP,MOI,0,0,0,100,85,0,DE,8.5,7.5,9.0,2.0,19.5,7.088239015951922
19,FP-28X35EPK-0.65-001-C0,JAGUARLIDDIFFICULTPO,DRAWING - 2D&3D  ASSY,FP-28X35EPK-0.65-001-C0-DRAWING - 2D&3D  ASSY,JAGUARLIDDIFFICULTPO-DRAWING - 2D&3D  ASSY,JAGUAR,LID,DIFFICULTPO,PO,PO,28,35,EPK,FP,JIM,85,0,0,0,0,0,DE,1.0,1.0,9.0,1.0,11.0,8.85627206418221
20,FP-28X35EPK-0.65-001-C0,JAGUARLIDDIFFICULTPO,MESLINK,FP-28X35EPK-0.65-001-C0-MESLINK,JAGUARLIDDIFFICULTPO-MESLINK,JAGUAR,LID,DIFFICULTPO,PO,PO,28,35,EPK,FP,DJ,85,0,0,0,0,0,ADE,3.0,11.0,0.0,0.0,11.0,2.931906299465088
21,FP-28X35EPK-0.65-001-C0,JAGUARLIDDIFFICULTPO,MESLINK,FP-28X35EPK-0.65-001-C0-MESLINK,JAGUARLIDDIFFICULTPO-MESLINK,JAGUAR,LID,DIFFICULTPO,PO,PO,28,35,EPK,FP,MELVS,95,0,0,0,100,100,ADE,10.0,14.0,0.0,0.0,14.0,4.344440387682111
22,FP-28X35EPK-0.65-001-C0,JAGUARLIDDIFFICULTPO,MESLINK,FP-28X35EPK-0.65-001-C0-MESLINK,JAGUARLIDDIFFICULTPO-MESLINK,JAGUAR,LID,DIFFICULTPO,PO,PO,28,35,EPK,FP,MOI,0,0,0,100,85,0,DE,8.5,7.5,9.0,2.0,19.5,2.656623761476413
23,FP-28X35EPK-0.65-001-C0,JAGUARLIDDIFFICULTPO,MESLINK,FP-28X35EPK-0.65-001-C0-MESLINK,JAGUARLIDDIFFICULTPO-MESLINK,JAGUAR,LID,DIFFICULTPO,PO,PO,28,35,EPK,FP,JIM,85,0,0,0,0,0,DE,1.0,1.0,9.0,1.0,11.0,3.069391004659466
24,FP-28X35EPK-0.65-001-C0,JAGUARLIDDIFFICULTPO,PARTS FINAL CHECKING,FP-28X35EPK-0.65-001-C0-PARTS FINAL CHECKING,JAGUARLIDDIFFICULTPO-PARTS FINAL CHECKING,JAGUAR,LID,DIFFICULTPO,PO,PO,28,35,EPK,FP,DJ,85,0,0,0,0,0,ADE,3.0,11.0,0.0,0.0,11.0,5.259763738538272
25,FP-28X35EPK-0.65-001-C0,JAGUARLIDDIFFICULTPO,PARTS FINAL CHECKING,FP-28X35EPK-0.65-001-C0-PARTS FINAL CHECKING,JAGUARLIDDIFFICULTPO-PARTS FINAL CHECKING,JAGUAR,LID,DIFFICULTPO,PO,PO,28,35,EPK,FP,MELVS,95,0,0,0,100,100,ADE,10.0,14.0,0.0,0.0,14.0,6.252770234883582
26,FP-28X35EPK-0.65-001-C0,JAGUARLIDDIFFICULTPO,PARTS FINAL CHECKING,FP-28X35EPK-0.65-001-C0-PARTS FINAL CHECKING,JAGUARLIDDIFFICULTPO-PARTS FINAL CHECKING,JAGUAR,LID,DIFFICULTPO,PO,PO,28,35,EPK,FP,MOI,0,0,0,100,85,0,DE,8.5,7.5,9.0,2.0,19.5,4.8734864215540075
27,FP-28X35EPK-0.65-001-C0,JAGUARLIDDIFFICULTPO,PARTS FINAL CHECKING,FP-28X35EPK-0.65-001-C0-PARTS FINAL CHECKING,JAGUARLIDDIFFICULTPO-PARTS FINAL CHECKING,JAGUAR,LID,DIFFICULTPO,PO,PO,28,35,EPK,FP,JIM,85,0,0,0,0,0,DE,1.0,1.0,9.0,1.0,11.0,6.095647876356282
28,FP-28X35EPK-0.65-001-G0,JAGUARLIDDIFFICULTPO,CONCEPT CHECKING,FP-28X35EPK-0.65-001-G0-CONCEPT CHECKING,JAGUARLIDDIFFICULTPO-CONCEPT CHECKING,JAGUAR,LID,DIFFICULTPO,PO,PO,28,35,EPK,FP,DJ,85,0,0,0,0,0,ADE,3.0,11.0,0.0,0.0,11.0,2.879177628731689
29,FP-28X35EPK-0.65-001-G0,JAGUARLIDDIFFICULTPO,CONCEPT CHECKING,FP-28X35EPK-0.65-001-G0-CONCEPT CHECKING,JAGUARLIDDIFFICULTPO-CONCEPT CHECKING,JAGUAR,LID,DIFFICULTPO,PO,PO,28,35,EPK,FP,MELVS,95,0,0,0,100,100,ADE,10.0,14.0,0.0,0.0,14.0,4.46555928040754
30,FP-28X35EPK-0.65-001-G0,JAGUARLIDDIFFICULTPO,CONCEPT CHECKING,FP-28X35EPK-0.65-001-G0-CONCEPT CHECKING,JAGUARLIDDIFFICULTPO-CONCEPT CHECKING,JAGUAR,LID,DIFFICULTPO,PO,PO,28,35,EPK,FP,MOI,0,0,0,100,85,0,DE,8.5,7.5,9.0,2.0,19.5,2.9540939334892404
31,FP-28X35EPK-0.65-001-G0,JAGUARLIDDIFFICULTPO,CONCEPT CHECKING,FP-28X35EPK-0.65-001-G0-CONCEPT CHECKING,JAGUARLIDDIFFICULTPO-CONCEPT CHECKING,JAGUAR,LID,DIFFICULTPO,PO,PO,28,35,EPK,FP,JIM,85,0,0,0,0,0,DE,1.0,1.0,9.0,1.0,11.0,3.262831693706382
32,FP-28X35EPK-0.65-001-G0,JAGUARLIDDIFFICULTPO,DRAWING - 2D&3D  ASSY,FP-28X35EPK-0.65-001-G0-DRAWING - 2D&3D  ASSY,JAGUARLIDDIFFICULTPO-DRAWING - 2D&3D  ASSY,JAGUAR,LID,DIFFICULTPO,PO,PO,28,35,EPK,FP,DJ,85,0,0,0,0,0,ADE,3.0,11.0,0.0,0.0,11.0,7.056815517398228
33,FP-28X35EPK-0.65-001-G0,JAGUARLIDDIFFICULTPO,DRAWING - 2D&3D  ASSY,FP-28X35EPK-0.65-001-G0-DRAWING - 2D&3D  ASSY,JAGUARLIDDIFFICULTPO-DRAWING - 2D&3D  ASSY,JAGUAR,LID,DIFFICULTPO,PO,PO,28,35,EPK,FP,MELVS,95,0,0,0,100,100,ADE,10.0,14.0,0.0,0.0,14.0,8.135650864587143
34,FP-28X35EPK-0.65-001-G0,JAGUARLIDDIFFICULTPO,DRAWING - 2D&3D  ASSY,FP-28X35EPK-0.65-001-G0-DRAWING - 2D&3D  ASSY,JAGUARLIDDIFFICULTPO-DRAWING - 2D&3D  ASSY,JAGUAR,LID,DIFFICULTPO,PO,PO,28,35,EPK,FP,MOI,0,0,0,100,85,0,DE,8.5,7.5,9.0,2.0,19.5,7.088239015951922
35,FP-28X35EPK-0.65-001-G0,JAGUARLIDDIFFICULTPO,DRAWING - 2D&3D  ASSY,FP-28X35EPK-0.65-001-G0-DRAWING - 2D&3D  ASSY,JAGUARLIDDIFFICULTPO-DRAWING - 2D&3D  ASSY,JAGUAR,LID,DIFFICULTPO,PO,PO,28,35,EPK,FP,JIM,85,0,0,0,0,0,DE,1.0,1.0,9.0,1.0,11.0,8.85627206418221
36,FP-28X35EPK-0.65-001-G0,JAGUARLIDDIFFICULTPO,MESLINK,FP-28X35EPK-0.65-001-G0-MESLINK,JAGUARLIDDIFFICULTPO-MESLINK,JAGUAR,LID,DIFFICULTPO,PO,PO,28,35,EPK,FP,DJ,85,0,0,0,0,0,ADE,3.0,11.0,0.0,0.0,11.0,2.931906299465088
37,FP-28X35EPK-0.65-001-G0,JAGUARLIDDIFFICULTPO,MESLINK,FP-28X35EPK-0.65-001-G0-MESLINK,JAGUARLIDDIFFICULTPO-MESLINK,JAGUAR,LID,DIFFICULTPO,PO,PO,28,35,EPK,FP,MELVS,95,0,0,0,100,100,ADE,10.0,14.0,0.0,0.0,14.0,4.344440387682111
38,FP-28X35EPK-0.65-001-G0,JAGUARLIDDIFFICULTPO,MESLINK,FP-28X35EPK-0.65-001-G0-MESLINK,JAGUARLIDDIFFICULTPO-MESLINK,JAGUAR,LID,DIFFICULTPO,PO,PO,28,35,EPK,FP,MOI,0,0,0,100,85,0,DE,8.5,7.5,9.0,2.0,19.5,2.656623761476413
39,FP-28X35EPK-0.65-001-G0,JAGUARLIDDIFFICULTPO,MESLINK,FP-28X35EPK-0.65-001-G0-MESLINK,JAGUARLIDDIFFICULTPO-MESLINK,JAGUAR,LID,DIFFICULTPO,PO,PO,28,35,EPK,FP,JIM,85,0,0,0,0,0,DE,1.0,1.0,9.0,1.0,11.0,3.069391004659466
40,FP-28X35EPK-0.65-001-G0,JAGUARLIDDIFFICULTPO,PARTS FINAL CHECKING,FP-28X35EPK-0.65-001-G0-PARTS FINAL CHECKING,JAGUARLIDDIFFICULTPO-PARTS FINAL CHECKING,JAGUAR,LID,DIFFICULTPO,PO,PO,28,35,EPK,FP,DJ,85,0,0,0,0,0,ADE,3.0,11.0,0.0,0.0,11.0,5.259763738538272
41,FP-28X35EPK-0.65-001-G0,JAGUARLIDDIFFICULTPO,PARTS FINAL CHECKING,FP-28X35EPK-0.65-001-G0-PARTS FINAL CHECKING,JAGUARLIDDIFFICULTPO-PARTS FINAL CHECKING,JAGUAR,LID,DIFFICULTPO,PO,PO,28,35,EPK,FP,MELVS,95,0,0,0,100,100,ADE,10.0,14.0,0.0,0.0,14.0,6.252770234883582
42,FP-28X35EPK-0.65-001-G0,JAGUARLIDDIFFICULTPO,PARTS FINAL CHECKING,FP-28X35EPK-0.65-001-G0-PARTS FINAL CHECKING,JAGUARLIDDIFFICULTPO-PARTS FINAL CHECKING,JAGUAR,LID,DIFFICULTPO,PO,PO,28,35,EPK,FP,MOI,0,0,0,100,85,0,DE,8.5,7.5,9.0,2.0,19.5,4.8734864215540075
43,FP-28X35EPK-0.65-001-G0,JAGUARLIDDIFFICULTPO,PARTS FINAL CHECKING,FP-28X35EPK-0.65-001-G0-PARTS FINAL CHECKING,JAGUARLIDDIFFICULTPO-PARTS FINAL CHECKING,JAGUAR,LID,DIFFICULTPO,PO,PO,28,35,EPK,FP,JIM,85,0,0,0,0,0,DE,1.0,1.0,9.0,1.0,11.0,6.095647876356282
44,BGAT-113EP-0.5-001-00,BGATSOCKETNEWPO,2D ASSY CONCEPT,BGAT-113EP-0.5-001-00-2D ASSY CONCEPT,BGATSOCKETNEWPO-2D ASSY CONCEPT,BGAT,SOCKET,NEWPO,PO,PO,113,1,EP,BGAT,DJ,85,0,0,0,0,0,ADE,3.0,11.0,0.0,0.0,11.0,4.167478326992687
45,BGAT-113EP-0.5-001-00,BGATSOCKETNEWPO,2D ASSY CONCEPT,BGAT-113EP-0.5-001-00-2D ASSY CONCEPT,BGATSOCKETNEWPO-2D ASSY CONCEPT,BGAT,SOCKET,NEWPO,PO,PO,113,1,EP,BGAT,MELVS,95,0,0,0,100,100,ADE,10.0,14.0,0.0,0.0,14.0,5.077791945241346
46,BGAT-113EP-0.5-001-00,BGATSOCKETNEWPO,2D ASSY CONCEPT,BGAT-113EP-0.5-001-00-2D ASSY CONCEPT,BGATSOCKETNEWPO-2D ASSY CONCEPT,BGAT,SOCKET,NEWPO,PO,PO,113,1,EP,BGAT,MOI,0,0,0,100,85,0,DE,8.5,7.5,9.0,2.0,19.5,3.1947306091928933
47,BGAT-113EP-0.5-001-00,BGATSOCKETNEWPO,2D ASSY CONCEPT,BGAT-113EP-0.5-001-00-2D ASSY CONCEPT,BGATSOCKETNEWPO-2D ASSY CONCEPT,BGAT,SOCKET,NEWPO,PO,PO,113,1,EP,BGAT,JIM,85,0,0,0,0,0,DE,1.0,1.0,9.0,1.0,11.0,5.188080930922909
48,BGAT-113EP-0.5-001-00,BGATSOCKETNEWPO,ASSY CHECKING,BGAT-113EP-0.5-001-00-ASSY CHECKING,BGATSOCKETNEWPO-ASSY CHECKING,BGAT,SOCKET,NEWPO,PO,PO,113,1,EP,BGAT,DJ,85,0,0,0,0,0,ADE,3.0,11.0,0.0,0.0,11.0,2.799322410434528
49,BGAT-113EP-0.5-001-00,BGATSOCKETNEWPO,ASSY CHECKING,BGAT-113EP-0.5-001-00-ASSY CHECKING,BGATSOCKETNEWPO-ASSY CHECKING,BGAT,SOCKET,NEWPO,PO,PO,113,1,EP,BGAT,MELVS,95,0,0,0,100,100,ADE,10.0,14.0,0.0,0.0,14.0,3.3045150636138443
50,BGAT-113EP-0.5-001-00,BGATSOCKETNEWPO,ASSY CHECKING,BGAT-113EP-0.5-001-00-ASSY CHECKING,BGATSOCKETNEWPO-ASSY CHECKING,BGAT,SOCKET,NEWPO,PO,PO,113,1,EP,BGAT,MOI,0,0,0,100,85,0,DE,8.5,7.5,9.0,2.0,19.5,2.421724311502496
51,BGAT-113EP-0.5-001-00,BGATSOCKETNEWPO,ASSY CHECKING,BGAT-113EP-0.5-001-00-ASSY CHECKING,BGATSOCKETNEWPO-ASSY CHECKING,BGAT,SOCKET,NEWPO,PO,PO,113,1,EP,BGAT,JIM,85,0,0,0,0,0,DE,1.0,1.0,9.0,1.0,11.0,3.248118870153692
52,BGAT-113EP-0.5-001-00,BGATSOCKETNEWPO,CONCEPT CHECKING,BGAT-113EP-0.5-001-00-CONCEPT CHECKING,BGATSOCKETNEWPO-CONCEPT CHECKING,BGAT,SOCKET,NEWPO,PO,PO,113,1,EP,BGAT,DJ,85,0,0,0,0,0,ADE,3.0,11.0,0.0,0.0,11.0,2.9802057783583216
53,BGAT-113EP-0.5-001-00,BGATSOCKETNEWPO,CONCEPT CHECKING,BGAT-113EP-0.5-001-00-CONCEPT CHECKING,BGATSOCKETNEWPO-CONCEPT CHECKING,BGAT,SOCKET,NEWPO,PO,PO,113,1,EP,BGAT,SHAD,100,100,100,0,100,100,DE,10.0,13.0,0.0,6.0,19.0,2.4891818918443995
54,BGAT-113EP-0.5-001-00,BGATSOCKETNEWPO,CONCEPT CHECKING,BGAT-113EP-0.5-001-00-CONCEPT CHECKING,BGATSOCKETNEWPO-CONCEPT CHECKING,BGAT,SOCKET,NEWPO,PO,PO,113,1,EP,BGAT,MOI,0,0,0,100,85,0,DE,8.5,7.5,9.0,2.0,19.5,2.738474831994104
55,BGAT-113EP-0.5-001-00,BGATSOCKETNEWPO,CONCEPT CHECKING,BGAT-113EP-0.5-001-00-CONCEPT CHECKING,BGATSOCKETNEWPO-CONCEPT CHECKING,BGAT,SOCKET,NEWPO,PO,PO,113,1,EP,BGAT,JIM,85,0,0,0,0,0,DE,1.0,1.0,9.0,1.0,11.0,3.194068261530906
56,BGAT-113EP-0.5-001-00,BGATSOCKETNEWPO,DOCUMENTATION,BGAT-113EP-0.5-001-00-DOCUMENTATION,BGATSOCKETNEWPO-DOCUMENTATION,BGAT,SOCKET,NEWPO,PO,PO,113,1,EP,BGAT,DJ,85,0,0,0,0,0,ADE,3.0,11.0,0.0,0.0,11.0,2.7516031184045455
57,BGAT-113EP-0.5-001-00,BGATSOCKETNEWPO,DOCUMENTATION,BGAT-113EP-0.5-001-00-DOCUMENTATION,BGATSOCKETNEWPO-DOCUMENTATION,BGAT,SOCKET,NEWPO,PO,PO,113,1,EP,BGAT,SHAD,100,100,100,0,100,100,DE,10.0,13.0,0.0,6.0,19.0,1.8691808936555399
58,BGAT-113EP-0.5-001-00,BGATSOCKETNEWPO,DOCUMENTATION,BGAT-113EP-0.5-001-00-DOCUMENTATION,BGATSOCKETNEWPO-DOCUMENTATION,BGAT,SOCKET,NEWPO,PO,PO,113,1,EP,BGAT,MOI,0,0,0,100,85,0,DE,8.5,7.5,9.0,2.0,19.5,2.29218265390596
59,BGAT-113EP-0.5-001-00,BGATSOCKETNEWPO,DOCUMENTATION,BGAT-113EP-0.5-001-00-DOCUMENTATION,BGATSOCKETNEWPO-DOCUMENTATION,BGAT,SOCKET,NEWPO,PO,PO,113,1,EP,BGAT,JIM,85,0,0,0,0,0,DE,1.0,1.0,9.0,1.0,11.0,3.2675455717265462
60,BGAT-113EP-0.5-001-00,BGATSOCKETNEWPO,DRAWING - 2D&3D  ASSY,BGAT-113EP-0.5-001-00-DRAWING - 2D&3D  ASSY,BGATSOCKETNEWPO-DRAWING - 2D&3D  ASSY,BGAT,SOCKET,NEWPO,PO,PO,113,1,EP,BGAT,DJ,85,0,0,0,0,0,ADE,3.0,11.0,0.0,0.0,11.0,3.5373696431642916
61,BGAT-113EP-0.5-001-00,BGATSOCKETNEWPO,DRAWING - 2D&3D  ASSY,BGAT-113EP-0.5-001-00-DRAWING - 2D&3D  ASSY,BGATSOCKETNEWPO-DRAWING - 2D&3D  ASSY,BGAT,SOCKET,NEWPO,PO,PO,113,1,EP,BGAT,SHAD,100,100,100,0,100,100,DE,10.0,13.0,0.0,6.0,19.0,1.9394795493153818
62,BGAT-113EP-0.5-001-00,BGATSOCKETNEWPO,DRAWING - 2D&3D  ASSY,BGAT-113EP-0.5-001-00-DRAWING - 2D&3D  ASSY,BGATSOCKETNEWPO-DRAWING - 2D&3D  ASSY,BGAT,SOCKET,NEWPO,PO,PO,113,1,EP,BGAT,MOI,0,0,0,100,85,0,DE,8.5,7.5,9.0,2.0,19.5,2.6451120836134443
63,BGAT-113EP-0.5-001-00,BGATSOCKETNEWPO,DRAWING - 2D&3D  ASSY,BGAT-113EP-0.5-001-00-DRAWING - 2D&3D  ASSY,BGATSOCKETNEWPO-DRAWING - 2D&3D  ASSY,BGAT,SOCKET,NEWPO,PO,PO,113,1,EP,BGAT,JIM,85,0,0,0,0,0,DE,1.0,1.0,9.0,1.0,11.0,4.773924926909503
64,BGAT-113EP-0.5-001-00,BGATSOCKETNEWPO,DRAWING - 2D&3D PARTS,BGAT-113EP-0.5-001-00-DRAWING - 2D&3D PARTS,BGATSOCKETNEWPO-DRAWING - 2D&3D PARTS,BGAT,SOCKET,NEWPO,PO,PO,113,1,EP,BGAT,DJ,85,0,0,0,0,0,ADE,3.0,11.0,0.0,0.0,11.0,7.612010356866404
65,BGAT-113EP-0.5-001-00,BGATSOCKETNEWPO,DRAWING - 2D&3D PARTS,BGAT-113EP-0.5-001-00-DRAWING - 2D&3D PARTS,BGATSOCKETNEWPO-DRAWING - 2D&3D PARTS,BGAT,SOCKET,NEWPO,PO,PO,113,1,EP,BGAT,SHAD,100,100,100,0,100,100,DE,10.0,13.0,0.0,6.0,19.0,5.029757214984653
66,BGAT-113EP-0.5-001-00,BGATSOCKETNEWPO,DRAWING - 2D&3D PARTS,BGAT-113EP-0.5-001-00-DRAWING - 2D&3D PARTS,BGATSOCKETNEWPO-DRAWING - 2D&3D PARTS,BGAT,SOCKET,NEWPO,PO,PO,113,1,EP,BGAT,MOI,0,0,0,100,85,0,DE,8.5,7.5,9.0,2.0,19.5,3.808721347944954
67,BGAT-113EP-0.5-001-00,BGATSOCKETNEWPO,DRAWING - 2D&3D PARTS,BGAT-113EP-0.5-001-00-DRAWING - 2D&3D PARTS,BGATSOCKETNEWPO-DRAWING - 2D&3D PARTS,BGAT,SOCKET,NEWPO,PO,PO,113,1,EP,BGAT,JIM,85,0,0,0,0,0,DE,1.0,1.0,9.0,1.0,11.0,8.714940413995013
68,BGAT-113EP-0.5-001-00,BGATSOCKETNEWPO,PARTS FINAL CHECKING,BGAT-113EP-0.5-001-00-PARTS FINAL CHECKING,BGATSOCKETNEWPO-PARTS FINAL CHECKING,BGAT,SOCKET,NEWPO,PO,PO,113,1,EP,BGAT,DJ,85,0,0,0,0,0,ADE,3.0,11.0,0.0,0.0,11.0,2.5423190995980303
69,BGAT-113EP-0.5-001-00,BGATSOCKETNEWPO,PARTS FINAL CHECKING,BGAT-113EP-0.5-001-00-PARTS FINAL CHECKING,BGATSOCKETNEWPO-PARTS FINAL CHECKING,BGAT,SOCKET,NEWPO,PO,PO,113,1,EP,BGAT,SHAD,100,100,100,0,100,100,DE,10.0,13.0,0.0,6.0,19.0,2.0237327911307537
70,BGAT-113EP-0.5-001-00,BGATSOCKETNEWPO,PARTS FINAL CHECKING,BGAT-113EP-0.5-001-00-PARTS FINAL CHECKING,BGATSOCKETNEWPO-PARTS FINAL CHECKING,BGAT,SOCKET,NEWPO,PO,PO,113,1,EP,BGAT,MOI,0,0,0,100,85,0,DE,8.5,7.5,9.0,2.0,19.5,2.1836384250560124
71,BGAT-113EP-0.5-001-00,BGATSOCKETNEWPO,PARTS FINAL CHECKING,BGAT-113EP-0.5-001-00-PARTS FINAL CHECKING,BGATSOCKETNEWPO-PARTS FINAL CHECKING,BGAT,SOCKET,NEWPO,PO,PO,113,1,EP,BGAT,JIM,85,0,0,0,0,0,DE,1.0,1.0,9.0,1.0,11.0,3.198404183582511
72,BGAT-113EP-0.5-001-20,BGATLIDNEWPO,2D ASSY CONCEPT,BGAT-113EP-0.5-001-20-2D ASSY CONCEPT,BGATLIDNEWPO-2D ASSY CONCEPT,BGAT,LID,NEWPO,PO,PO,113,1,EP,BGAT,DJ,85,0,0,0,0,0,ADE,3.0,11.0,0.0,0.0,11.0,3.0113653539468372
73,BGAT-113EP-0.5-001-20,BGATLIDNEWPO,2D ASSY CONCEPT,BGAT-113EP-0.5-001-20-2D ASSY CONCEPT,BGATLIDNEWPO-2D ASSY CONCEPT,BGAT,LID,NEWPO,PO,PO,113,1,EP,BGAT,SHAD,100,100,100,0,100,100,DE,10.0,13.0,0.0,6.0,19.0,2.0272411799926346
74,BGAT-113EP-0.5-001-20,BGATLIDNEWPO,2D ASSY CONCEPT,BGAT-113EP-0.5-001-20-2D ASSY CONCEPT,BGATLIDNEWPO-2D ASSY CONCEPT,BGAT,LID,NEWPO,PO,PO,113,1,EP,BGAT,MOI,0,0,0,100,85,0,DE,8.5,7.5,9.0,2.0,19.5,2.365735020947659
75,BGAT-113EP-0.5-001-20,BGATLIDNEWPO,2D ASSY CONCEPT,BGAT-113EP-0.5-001-20-2D ASSY CONCEPT,BGATLIDNEWPO-2D ASSY CONCEPT,BGAT,LID,NEWPO,PO,PO,113,1,EP,BGAT,JIM,85,0,0,0,0,0,DE,1.0,1.0,9.0,1.0,11.0,3.4497842976298374
76,BGAT-113EP-0.5-001-20,BGATLIDNEWPO,3D CONCEPT,BGAT-113EP-0.5-001-20-3D CONCEPT,BGATLIDNEWPO-3D CONCEPT,BGAT,LID,NEWPO,PO,PO,113,1,EP,BGAT,DJ,85,0,0,0,0,0,ADE,3.0,11.0,0.0,0.0,11.0,4.523873237146559
77,BGAT-113EP-0.5-001-20,BGATLIDNEWPO,3D CONCEPT,BGAT-113EP-0.5-001-20-3D CONCEPT,BGATLIDNEWPO-3D CONCEPT,BGAT,LID,NEWPO,PO,PO,113,1,EP,BGAT,SHAD,100,100,100,0,100,100,DE,10.0,13.0,0.0,6.0,19.0,2.0682325906776806
78,BGAT-113EP-0.5-001-20,BGATLIDNEWPO,3D CONCEPT,BGAT-113EP-0.5-001-20-3D CONCEPT,BGATLIDNEWPO-3D CONCEPT,BGAT,LID,NEWPO,PO,PO,113,1,EP,BGAT,MOI,0,0,0,100,85,0,DE,8.5,7.5,9.0,2.0,19.5,3.161441899677509
79,BGAT-113EP-0.5-001-20,BGATLIDNEWPO,3D CONCEPT,BGAT-113EP-0.5-001-20-3D CONCEPT,BGATLIDNEWPO-3D CONCEPT,BGAT,LID,NEWPO,PO,PO,113,1,EP,BGAT,JIM,85,0,0,0,0,0,DE,1.0,1.0,9.0,1.0,11.0,5.722399263483323
80,BGAT-113EP-0.5-001-20,BGATLIDNEWPO,ASSY DRAWING,BGAT-113EP-0.5-001-20-ASSY DRAWING,BGATLIDNEWPO-ASSY DRAWING,BGAT,LID,NEWPO,PO,PO,113,1,EP,BGAT,DJ,85,0,0,0,0,0,ADE,3.0,11.0,0.0,0.0,11.0,1.5805408849974079
81,BGAT-113EP-0.5-001-20,BGATLIDNEWPO,ASSY DRAWING,BGAT-113EP-0.5-001-20-ASSY DRAWING,BGATLIDNEWPO-ASSY DRAWING,BGAT,LID,NEWPO,PO,PO,113,1,EP,BGAT,SHAD,100,100,100,0,100,100,DE,10.0,13.0,0.0,6.0,19.0,1.7819937295073938
82,BGAT-113EP-0.5-001-20,BGATLIDNEWPO,ASSY DRAWING,BGAT-113EP-0.5-001-20-ASSY DRAWING,BGATLIDNEWPO-ASSY DRAWING,BGAT,LID,NEWPO,PO,PO,113,1,EP,BGAT,MOI,0,0,0,100,85,0,DE,8.5,7.5,9.0,2.0,19.5,1.2011033749211102
83,BGAT-113EP-0.5-001-20,BGATLIDNEWPO,ASSY DRAWING,BGAT-113EP-0.5-001-20-ASSY DRAWING,BGATLIDNEWPO-ASSY DRAWING,BGAT,LID,NEWPO,PO,PO,113,1,EP,BGAT,JIM,85,0,0,0,0,0,DE,1.0,1.0,9.0,1.0,11.0,1.24635156865405
84,BGAT-113EP-0.5-001-20,BGATLIDNEWPO,DRAWING - 2D&3D PARTS,BGAT-113EP-0.5-001-20-DRAWING - 2D&3D PARTS,BGATLIDNEWPO-DRAWING - 2D&3D PARTS,BGAT,LID,NEWPO,PO,PO,113,1,EP,BGAT,DJ,85,0,0,0,0,0,ADE,3.0,11.0,0.0,0.0,11.0,5.770552911232686
85,BGAT-113EP-0.5-001-20,BGATLIDNEWPO,DRAWING - 2D&3D PARTS,BGAT-113EP-0.5-001-20-DRAWING - 2D&3D PARTS,BGATLIDNEWPO-DRAWING - 2D&3D PARTS,BGAT,LID,NEWPO,PO,PO,113,1,EP,BGAT,SHAD,100,100,100,0,100,100,DE,10.0,13.0,0.0,6.0,19.0,3.6944824513343555
86,BGAT-113EP-0.5-001-20,BGATLIDNEWPO,DRAWING - 2D&3D PARTS,BGAT-113EP-0.5-001-20-DRAWING - 2D&3D PARTS,BGATLIDNEWPO-DRAWING - 2D&3D PARTS,BGAT,LID,NEWPO,PO,PO,113,1,EP,BGAT,MOI,0,0,0,100,85,0,DE,8.5,7.5,9.0,2.0,19.5,3.3949022709492933
87,BGAT-113EP-0.5-001-20,BGATLIDNEWPO,DRAWING - 2D&3D PARTS,BGAT-113EP-0.5-001-20-DRAWING - 2D&3D PARTS,BGATLIDNEWPO-DRAWING - 2D&3D PARTS,BGAT,LID,NEWPO,PO,PO,113,1,EP,BGAT,JIM,85,0,0,0,0,0,DE,1.0,1.0,9.0,1.0,11.0,6.807032173103481
88,BGAT-113EP-0.5-001-70,BGATLIDNEWPO,2D ASSY CONCEPT,BGAT-113EP-0.5-001-70-2D ASSY CONCEPT,BGATLIDNEWPO-2D ASSY CONCEPT,BGAT,LID,NEWPO,PO,PO,113,1,EP,BGAT,DJ,85,0,0,0,0,0,ADE,3.0,11.0,0.0,0.0,11.0,3.0113653539468372
89,BGAT-113EP-0.5-001-70,BGATLIDNEWPO,2D ASSY CONCEPT,BGAT-113EP-0.5-001-70-2D ASSY CONCEPT,BGATLIDNEWPO-2D ASSY CONCEPT,BGAT,LID,NEWPO,PO,PO,113,1,EP,BGAT,SHAD,100,100,100,0,100,100,DE,10.0,13.0,0.0,6.0,19.0,2.0272411799926346
90,BGAT-113EP-0.5-001-70,BGATLIDNEWPO,2D ASSY CONCEPT,BGAT-113EP-0.5-001-70-2D ASSY CONCEPT,BGATLIDNEWPO-2D ASSY CONCEPT,BGAT,LID,NEWPO,PO,PO,113,1,EP,BGAT,MOI,0,0,0,100,85,0,DE,8.5,7.5,9.0,2.0,19.5,2.365735020947659
91,BGAT-113EP-0.5-001-70,BGATLIDNEWPO,2D ASSY CONCEPT,BGAT-113EP-0.5-001-70-2D ASSY CONCEPT,BGATLIDNEWPO-2D ASSY CONCEPT,BGAT,LID,NEWPO,PO,PO,113,1,EP,BGAT,JIM,85,0,0,0,0,0,DE,1.0,1.0,9.0,1.0,11.0,3.4497842976298374
92,BGAT-113EP-0.5-001-70,BGATLIDNEWPO,3D CONCEPT,BGAT-113EP-0.5-001-70-3D CONCEPT,BGATLIDNEWPO-3D CONCEPT,BGAT,LID,NEWPO,PO,PO,113,1,EP,BGAT,DJ,85,0,0,0,0,0,ADE,3.0,11.0,0.0,0.0,11.0,4.523873237146559
93,BGAT-113EP-0.5-001-70,BGATLIDNEWPO,3D CONCEPT,BGAT-113EP-0.5-001-70-3D CONCEPT,BGATLIDNEWPO-3D CONCEPT,BGAT,LID,NEWPO,PO,PO,113,1,EP,BGAT,SHAD,100,100,100,0,100,100,DE,10.0,13.0,0.0,6.0,19.0,2.0682325906776806
94,BGAT-113EP-0.5-001-70,BGATLIDNEWPO,3D CONCEPT,BGAT-113EP-0.5-001-70-3D CONCEPT,BGATLIDNEWPO-3D CONCEPT,BGAT,LID,NEWPO,PO,PO,113,1,EP,BGAT,MOI,0,0,0,100,85,0,DE,8.5,7.5,9.0,2.0,19.5,3.161441899677509
95,BGAT-113EP-0.5-001-70,BGATLIDNEWPO,3D CONCEPT,BGAT-113EP-0.5-001-70-3D CONCEPT,BGATLIDNEWPO-3D CONCEPT,BGAT,LID,NEWPO,PO,PO,113,1,EP,BGAT,JIM,85,0,0,0,0,0,DE,1.0,1.0,9.0,1.0,11.0,5.722399263483323
96,BGAT-113EP-0.5-001-70,BGATLIDNEWPO,ASSY CHECKING,BGAT-113EP-0.5-001-70-ASSY CHECKING,BGATLIDNEWPO-ASSY CHECKING,BGAT,LID,NEWPO,PO,PO,113,1,EP,BGAT,DJ,85,0,0,0,0,0,ADE,3.0,11.0,0.0,0.0,11.0,2.3138621765740766
97,BGAT-113EP-0.5-001-70,BGATLIDNEWPO,ASSY CHECKING,BGAT-113EP-0.5-001-70-ASSY CHECKING,BGATLIDNEWPO-ASSY CHECKING,BGAT,LID,NEWPO,PO,PO,113,1,EP,BGAT,SHAD,100,100,100,0,100,100,DE,10.0,13.0,0.0,6.0,19.0,1.8928412298450237
98,BGAT-113EP-0.5-001-70,BGATLIDNEWPO,ASSY CHECKING,BGAT-113EP-0.5-001-70-ASSY CHECKING,BGATLIDNEWPO-ASSY CHECKING,BGAT,LID,NEWPO,PO,PO,113,1,EP,BGAT,MOI,0,0,0,100,85,0,DE,8.5,7.5,9.0,2.0,19.5,1.992757600865559
99,BGAT-113EP-0.5-001-70,BGATLIDNEWPO,ASSY CHECKING,BGAT-113EP-0.5-001-70-ASSY CHECKING,BGATLIDNEWPO-ASSY CHECKING,BGAT,LID,NEWPO,PO,PO,113,1,EP,BGAT,JIM,85,0,0,0,0,0,DE,1.0,1.0,9.0,1.0,11.0,2.663340814850022
100,BGAT-113EP-0.5-001-70,BGATLIDNEWPO,DRAWING - 2D&3D  ASSY,BGAT-113EP-0.5-001-70-DRAWING - 2D&3D  ASSY,BGATLIDNEWPO-DRAWING - 2D&3D  ASSY,BGAT,LID,NEWPO,PO,PO,113,1,EP,BGAT,DJ,85,0,0,0,0,0,ADE,3.0,11.0,0.0,0.0,11.0,3.1291964064229276
101,BGAT-113EP-0.5-001-70,BGATLIDNEWPO,DRAWING - 2D&3D  ASSY,BGAT-113EP-0.5-001-70-DRAWING - 2D&3D  ASSY,BGATLIDNEWPO-DRAWING - 2D&3D  ASSY,BGAT,LID,NEWPO,PO,PO,113,1,EP,BGAT,SHAD,100,100,100,0,100,100,DE,10.0,13.0,0.0,6.0,19.0,1.6423268324510292
102,BGAT-113EP-0.5-001-70,BGATLIDNEWPO,DRAWING - 2D&3D  ASSY,BGAT-113EP-0.5-001-70-DRAWING - 2D&3D  ASSY,BGATLIDNEWPO-DRAWING - 2D&3D  ASSY,BGAT,LID,NEWPO,PO,PO,113,1,EP,BGAT,MOI,0,0,0,100,85,0,DE,8.5,7.5,9.0,2.0,19.5,2.303032813349345
103,BGAT-113EP-0.5-001-70,BGATLIDNEWPO,DRAWING - 2D&3D  ASSY,BGAT-113EP-0.5-001-70-DRAWING - 2D&3D  ASSY,BGATLIDNEWPO-DRAWING - 2D&3D  ASSY,BGAT,LID,NEWPO,PO,PO,113,1,EP,BGAT,JIM,85,0,0,0,0,0,DE,1.0,1.0,9.0,1.0,11.0,4.226261691762948
104,BGAT-113EP-0.5-001-70,BGATLIDNEWPO,DRAWING - 2D&3D PARTS,BGAT-113EP-0.5-001-70-DRAWING - 2D&3D PARTS,BGATLIDNEWPO-DRAWING - 2D&3D PARTS,BGAT,LID,NEWPO,PO,PO,113,1,EP,BGAT,DJ,85,0,0,0,0,0,ADE,3.0,11.0,0.0,0.0,11.0,5.770552911232686
105,BGAT-113EP-0.5-001-70,BGATLIDNEWPO,DRAWING - 2D&3D PARTS,BGAT-113EP-0.5-001-70-DRAWING - 2D&3D PARTS,BGATLIDNEWPO-DRAWING - 2D&3D PARTS,BGAT,LID,NEWPO,PO,PO,113,1,EP,BGAT,SHAD,100,100,100,0,100,100,DE,10.0,13.0,0.0,6.0,19.0,3.6944824513343555
106,BGAT-113EP-0.5-001-70,BGATLIDNEWPO,DRAWING - 2D&3D PARTS,BGAT-113EP-0.5-001-70-DRAWING - 2D&3D PARTS,BGATLIDNEWPO-DRAWING - 2D&3D PARTS,BGAT,LID,NEWPO,PO,PO,113,1,EP,BGAT,MOI,0,0,0,100,85,0,DE,8.5,7.5,9.0,2.0,19.5,3.3949022709492933
107,BGAT-113EP-0.5-001-70,BGATLIDNEWPO,DRAWING - 2D&3D PARTS,BGAT-113EP-0.5-001-70-DRAWING - 2D&3D PARTS,BGATLIDNEWPO-DRAWING - 2D&3D PARTS,BGAT,LID,NEWPO,PO,PO,113,1,EP,BGAT,JIM,85,0,0,0,0,0,DE,1.0,1.0,9.0,1.0,11.0,6.807032173103481
108,BGAT-113EP-0.5-001-70,BGATLIDNEWPO,PARTS FINAL CHECKING,BGAT-113EP-0.5-001-70-PARTS FINAL CHECKING,BGATLIDNEWPO-PARTS FINAL CHECKING,BGAT,LID,NEWPO,PO,PO,113,1,EP,BGAT,DJ,85,0,0,0,0,0,ADE,3.0,11.0,0.0,0.0,11.0,2.0975537343927226
109,BGAT-113EP-0.5-001-70,BGATLIDNEWPO,PARTS FINAL CHECKING,BGAT-113EP-0.5-001-70-PARTS FINAL CHECKING,BGATLIDNEWPO-PARTS FINAL CHECKING,BGAT,LID,NEWPO,PO,PO,113,1,EP,BGAT,SHAD,100,100,100,0,100,100,DE,10.0,13.0,0.0,6.0,19.0,1.356267959454666
110,BGAT-113EP-0.5-001-70,BGATLIDNEWPO,PARTS FINAL CHECKING,BGAT-113EP-0.5-001-70-PARTS FINAL CHECKING,BGATLIDNEWPO-PARTS FINAL CHECKING,BGAT,LID,NEWPO,PO,PO,113,1,EP,BGAT,MOI,0,0,0,100,85,0,DE,8.5,7.5,9.0,2.0,19.5,1.8486520360620888
111,BGAT-113EP-0.5-001-70,BGATLIDNEWPO,PARTS FINAL CHECKING,BGAT-113EP-0.5-001-70-PARTS FINAL CHECKING,BGATLIDNEWPO-PARTS FINAL CHECKING,BGAT,LID,NEWPO,PO,PO,113,1,EP,BGAT,JIM,85,0,0,0,0,0,DE,1.0,1.0,9.0,1.0,11.0,2.783079920326426
112,QFN-16X4EPK-0.5-008-S0,STRIPSOCKET & LIDW/ REFPO,ASSY CHECKING,QFN-16X4EPK-0.5-008-S0-ASSY CHECKING,STRIPSOCKET & LIDW/ REFPO-ASSY CHECKING,STRIP,SOCKET & LID,W/ REFPO,PO,PO,16,4,EPK,QFN,DJ,85,0,0,0,0,0,ADE,3.0,11.0,0.0,0.0,11.0,2.2549489822728956
113,QFN-16X4EPK-0.5-008-S0,STRIPSOCKET & LIDW/ REFPO,ASSY CHECKING,QFN-16X4EPK-0.5-008-S0-ASSY CHECKING,STRIPSOCKET & LIDW/ REFPO-ASSY CHECKING,STRIP,SOCKET & LID,W/ REFPO,PO,PO,16,4,EPK,QFN,SHAD,100,100,100,0,100,100,DE,10.0,13.0,0.0,6.0,19.0,1.458215488964536
114,QFN-16X4EPK-0.5-008-S0,STRIPSOCKET & LIDW/ REFPO,ASSY CHECKING,QFN-16X4EPK-0.5-008-S0-ASSY CHECKING,STRIPSOCKET & LIDW/ REFPO-ASSY CHECKING,STRIP,SOCKET & LID,W/ REFPO,PO,PO,16,4,EPK,QFN,MOI,0,0,0,100,85,0,DE,8.5,7.5,9.0,2.0,19.5,1.6932026639197688
115,QFN-16X4EPK-0.5-008-S0,STRIPSOCKET & LIDW/ REFPO,ASSY CHECKING,QFN-16X4EPK-0.5-008-S0-ASSY CHECKING,STRIPSOCKET & LIDW/ REFPO-ASSY CHECKING,STRIP,SOCKET & LID,W/ REFPO,PO,PO,16,4,EPK,QFN,JIM,85,0,0,0,0,0,DE,1.0,1.0,9.0,1.0,11.0,2.484074613336999
116,QFN-16X4EPK-0.5-008-S0,STRIPSOCKET & LIDW/ REFPO,DRAWING - 2D&3D  ASSY,QFN-16X4EPK-0.5-008-S0-DRAWING - 2D&3D  ASSY,STRIPSOCKET & LIDW/ REFPO-DRAWING - 2D&3D  ASSY,STRIP,SOCKET & LID,W/ REFPO,PO,PO,16,4,EPK,QFN,DJ,85,0,0,0,0,0,ADE,3.0,11.0,0.0,0.0,11.0,4.8095328965267035
117,QFN-16X4EPK-0.5-008-S0,STRIPSOCKET & LIDW/ REFPO,DRAWING - 2D&3D  ASSY,QFN-16X4EPK-0.5-008-S0-DRAWING - 2D&3D  ASSY,STRIPSOCKET & LIDW/ REFPO-DRAWING - 2D&3D  ASSY,STRIP,SOCKET & LID,W/ REFPO,PO,PO,16,4,EPK,QFN,SHAD,100,100,100,0,100,100,DE,10.0,13.0,0.0,6.0,19.0,2.9002724590714872
118,QFN-16X4EPK-0.5-008-S0,STRIPSOCKET & LIDW/ REFPO,DRAWING - 2D&3D  ASSY,QFN-16X4EPK-0.5-008-S0-DRAWING - 2D&3D  ASSY,STRIPSOCKET & LIDW/ REFPO-DRAWING - 2D&3D  ASSY,STRIP,SOCKET & LID,W/ REFPO,PO,PO,16,4,EPK,QFN,MOI,0,0,0,100,85,0,DE,8.5,7.5,9.0,2.0,19.5,3.256239902552823
119,QFN-16X4EPK-0.5-008-S0,STRIPSOCKET & LIDW/ REFPO,DRAWING - 2D&3D  ASSY,QFN-16X4EPK-0.5-008-S0-DRAWING - 2D&3D  ASSY,STRIPSOCKET & LIDW/ REFPO-DRAWING - 2D&3D  ASSY,STRIP,SOCKET & LID,W/ REFPO,PO,PO,16,4,EPK,QFN,JIM,85,0,0,0,0,0,DE,1.0,1.0,9.0,1.0,11.0,5.394941487330023
120,FP-14EPK-0.5-003-00_70_50,QFNSOCKETNEWINQUIRY,PN/PIN HOLE COUNT DETAILS,FP-14EPK-0.5-003-00_70_50-PN/PIN HOLE COUNT DETAILS,QFNSOCKETNEWINQUIRY-PN/PIN HOLE COUNT DETAILS,QFN,SOCKET,NEWINQUIRY,INQUIRY,INQUIRY,14,1,EPK,FP,DJ,85,0,0,0,0,0,ADE,3.0,11.0,0.0,0.0,11.0,1.3378522953503722
121,FP-14EPK-0.5-003-00_70_50,QFNSOCKETNEWINQUIRY,PN/PIN HOLE COUNT DETAILS,FP-14EPK-0.5-003-00_70_50-PN/PIN HOLE COUNT DETAILS,QFNSOCKETNEWINQUIRY-PN/PIN HOLE COUNT DETAILS,QFN,SOCKET,NEWINQUIRY,INQUIRY,INQUIRY,14,1,EPK,FP,SHAD,100,100,100,0,100,100,DE,10.0,13.0,0.0,6.0,19.0,1.2277104887242176
122,FP-14EPK-0.5-003-00_70_50,QFNSOCKETNEWINQUIRY,PN/PIN HOLE COUNT DETAILS,FP-14EPK-0.5-003-00_70_50-PN/PIN HOLE COUNT DETAILS,QFNSOCKETNEWINQUIRY-PN/PIN HOLE COUNT DETAILS,QFN,SOCKET,NEWINQUIRY,INQUIRY,INQUIRY,14,1,EPK,FP,MOI,0,0,0,100,85,0,DE,8.5,7.5,9.0,2.0,19.5,1.1949692745687255
123,FP-14EPK-0.5-003-00_70_50,QFNSOCKETNEWINQUIRY,PN/PIN HOLE COUNT DETAILS,FP-14EPK-0.5-003-00_70_50-PN/PIN HOLE COUNT DETAILS,QFNSOCKETNEWINQUIRY-PN/PIN HOLE COUNT DETAILS,QFN,SOCKET,NEWINQUIRY,INQUIRY,INQUIRY,14,1,EPK,FP,JIM,85,0,0,0,0,0,DE,1.0,1.0,9.0,1.0,11.0,0.9766063715595708
124,FP-8EPK-0.65-018-70_50,FPLIDNEWINQUIRY,PN/PIN HOLE COUNT DETAILS,FP-8EPK-0.65-018-70_50-PN/PIN HOLE COUNT DETAILS,FPLIDNEWINQUIRY-PN/PIN HOLE COUNT DETAILS,FP,LID,NEWINQUIRY,INQUIRY,INQUIRY,8,1,EPK,FP,DJ,85,0,0,0,0,0,ADE,3.0,11.0,0.0,0.0,11.0,1.2322251613385462
125,FP-8EPK-0.65-018-70_50,FPLIDNEWINQUIRY,PN/PIN HOLE COUNT DETAILS,FP-8EPK-0.65-018-70_50-PN/PIN HOLE COUNT DETAILS,FPLIDNEWINQUIRY-PN/PIN HOLE COUNT DETAILS,FP,LID,NEWINQUIRY,INQUIRY,INQUIRY,8,1,EPK,FP,SHAD,100,100,100,0,100,100,DE,10.0,13.0,0.0,6.0,19.0,0.738862902599223
126,FP-8EPK-0.65-018-70_50,FPLIDNEWINQUIRY,PN/PIN HOLE COUNT DETAILS,FP-8EPK-0.65-018-70_50-PN/PIN HOLE COUNT DETAILS,FPLIDNEWINQUIRY-PN/PIN HOLE COUNT DETAILS,FP,LID,NEWINQUIRY,INQUIRY,INQUIRY,8,1,EPK,FP,MOI,0,0,0,100,85,0,DE,8.5,7.5,9.0,2.0,19.5,0.9125368108867935
127,FP-8EPK-0.65-018-70_50,FPLIDNEWINQUIRY,PN/PIN HOLE COUNT DETAILS,FP-8EPK-0.65-018-70_50-PN/PIN HOLE COUNT DETAILS,FPLIDNEWINQUIRY-PN/PIN HOLE COUNT DETAILS,FP,LID,NEWINQUIRY,INQUIRY,INQUIRY,8,1,EPK,FP,LEVI,90,100,100,0,90,90,DE,8.0,8.0,2.0,0.0,10.0,0.8640061214762831
128,QFN-8EPK-0.65-009-U0_70,QFNSOCKETNEWINQUIRY,2D ASSY CONCEPT,QFN-8EPK-0.65-009-U0_70-2D ASSY CONCEPT,QFNSOCKETNEWINQUIRY-2D ASSY CONCEPT,QFN,SOCKET,NEWINQUIRY,INQUIRY,INQUIRY,8,1,EPK,QFN,DJ,85,0,0,0,0,0,ADE,3.0,11.0,0.0,0.0,11.0,4.3222328640019345
129,QFN-8EPK-0.65-009-U0_70,QFNSOCKETNEWINQUIRY,2D ASSY CONCEPT,QFN-8EPK-0.65-009-U0_70-2D ASSY CONCEPT,QFNSOCKETNEWINQUIRY-2D ASSY CONCEPT,QFN,SOCKET,NEWINQUIRY,INQUIRY,INQUIRY,8,1,EPK,QFN,SHAD,100,100,100,0,100,100,DE,10.0,13.0,0.0,6.0,19.0,3.264593676082661
130,QFN-8EPK-0.65-009-U0_70,QFNSOCKETNEWINQUIRY,2D ASSY CONCEPT,QFN-8EPK-0.65-009-U0_70-2D ASSY CONCEPT,QFNSOCKETNEWINQUIRY-2D ASSY CONCEPT,QFN,SOCKET,NEWINQUIRY,INQUIRY,INQUIRY,8,1,EPK,QFN,MOI,0,0,0,100,85,0,DE,8.5,7.5,9.0,2.0,19.5,3.9345387733110773
131,QFN-8EPK-0.65-009-U0_70,QFNSOCKETNEWINQUIRY,2D ASSY CONCEPT,QFN-8EPK-0.65-009-U0_70-2D ASSY CONCEPT,QFNSOCKETNEWINQUIRY-2D ASSY CONCEPT,QFN,SOCKET,NEWINQUIRY,INQUIRY,INQUIRY,8,1,EPK,QFN,LEVI,90,100,100,0,90,90,DE,8.0,8.0,2.0,0.0,10.0,3.683283287551876
132,QFN-8EPK-0.65-009-U0_70,QFNSOCKETNEWINQUIRY,3D CONCEPT,QFN-8EPK-0.65-009-U0_70-3D CONCEPT,QFNSOCKETNEWINQUIRY-3D CONCEPT,QFN,SOCKET,NEWINQUIRY,INQUIRY,INQUIRY,8,1,EPK,QFN,DJ,85,0,0,0,0,0,ADE,3.0,11.0,0.0,0.0,11.0,7.356356777813386
133,QFN-8EPK-0.65-009-U0_70,QFNSOCKETNEWINQUIRY,3D CONCEPT,QFN-8EPK-0.65-009-U0_70-3D CONCEPT,QFNSOCKETNEWINQUIRY-3D CONCEPT,QFN,SOCKET,NEWINQUIRY,INQUIRY,INQUIRY,8,1,EPK,QFN,SHAD,100,100,100,0,100,100,DE,10.0,13.0,0.0,6.0,19.0,3.5113786706921157
134,QFN-8EPK-0.65-009-U0_70,QFNSOCKETNEWINQUIRY,3D CONCEPT,QFN-8EPK-0.65-009-U0_70-3D CONCEPT,QFNSOCKETNEWINQUIRY-3D CONCEPT,QFN,SOCKET,NEWINQUIRY,INQUIRY,INQUIRY,8,1,EPK,QFN,MOI,0,0,0,100,85,0,DE,8.5,7.5,9.0,2.0,19.5,4.609811354542188
135,QFN-8EPK-0.65-009-U0_70,QFNSOCKETNEWINQUIRY,3D CONCEPT,QFN-8EPK-0.65-009-U0_70-3D CONCEPT,QFNSOCKETNEWINQUIRY-3D CONCEPT,QFN,SOCKET,NEWINQUIRY,INQUIRY,INQUIRY,8,1,EPK,QFN,LEVI,90,100,100,0,90,90,DE,8.0,8.0,2.0,0.0,10.0,4.853793829133576
136,QFN-8EPK-0.65-009-U0_70,QFNSOCKETNEWINQUIRY,CONCEPT CHECKING,QFN-8EPK-0.65-009-U0_70-CONCEPT CHECKING,QFNSOCKETNEWINQUIRY-CONCEPT CHECKING,QFN,SOCKET,NEWINQUIRY,INQUIRY,INQUIRY,8,1,EPK,QFN,DJ,85,0,0,0,0,0,ADE,3.0,11.0,0.0,0.0,11.0,2.6298712181746344
137,QFN-8EPK-0.65-009-U0_70,QFNSOCKETNEWINQUIRY,CONCEPT CHECKING,QFN-8EPK-0.65-009-U0_70-CONCEPT CHECKING,QFNSOCKETNEWINQUIRY-CONCEPT CHECKING,QFN,SOCKET,NEWINQUIRY,INQUIRY,INQUIRY,8,1,EPK,QFN,MIKE,0,0,0,85,90,0,ADE,2.0,2.0,4.0,4.0,10.0,2.760637618390817
138,QFN-8EPK-0.65-009-U0_70,QFNSOCKETNEWINQUIRY,CONCEPT CHECKING,QFN-8EPK-0.65-009-U0_70-CONCEPT CHECKING,QFNSOCKETNEWINQUIRY-CONCEPT CHECKING,QFN,SOCKET,NEWINQUIRY,INQUIRY,INQUIRY,8,1,EPK,QFN,MOI,0,0,0,100,85,0,DE,8.5,7.5,9.0,2.0,19.5,2.8702829994925683
139,QFN-8EPK-0.65-009-U0_70,QFNSOCKETNEWINQUIRY,CONCEPT CHECKING,QFN-8EPK-0.65-009-U0_70-CONCEPT CHECKING,QFNSOCKETNEWINQUIRY-CONCEPT CHECKING,QFN,SOCKET,NEWINQUIRY,INQUIRY,INQUIRY,8,1,EPK,QFN,LEVI,90,100,100,0,90,90,DE,8.0,8.0,2.0,0.0,10.0,2.8246701132096743
140,QFN-8EPK-0.65-009-U0_70,QFNSOCKETNEWINQUIRY,PN/PIN HOLE COUNT DETAILS,QFN-8EPK-0.65-009-U0_70-PN/PIN HOLE COUNT DETAILS,QFNSOCKETNEWINQUIRY-PN/PIN HOLE COUNT DETAILS,QFN,SOCKET,NEWINQUIRY,INQUIRY,INQUIRY,8,1,EPK,QFN,DJ,85,0,0,0,0,0,ADE,3.0,11.0,0.0,0.0,11.0,1.3932912849717813
141,QFN-8EPK-0.65-009-U0_70,QFNSOCKETNEWINQUIRY,PN/PIN HOLE COUNT DETAILS,QFN-8EPK-0.65-009-U0_70-PN/PIN HOLE COUNT DETAILS,QFNSOCKETNEWINQUIRY-PN/PIN HOLE COUNT DETAILS,QFN,SOCKET,NEWINQUIRY,INQUIRY,INQUIRY,8,1,EPK,QFN,SHAD,100,100,100,0,100,100,DE,10.0,13.0,0.0,6.0,19.0,1.3364638349128302
142,QFN-8EPK-0.65-009-U0_70,QFNSOCKETNEWINQUIRY,PN/PIN HOLE COUNT DETAILS,QFN-8EPK-0.65-009-U0_70-PN/PIN HOLE COUNT DETAILS,QFNSOCKETNEWINQUIRY-PN/PIN HOLE COUNT DETAILS,QFN,SOCKET,NEWINQUIRY,INQUIRY,INQUIRY,8,1,EPK,QFN,MOI,0,0,0,100,85,0,DE,8.5,7.5,9.0,2.0,19.5,1.5033461321415114
143,QFN-8EPK-0.65-009-U0_70,QFNSOCKETNEWINQUIRY,PN/PIN HOLE COUNT DETAILS,QFN-8EPK-0.65-009-U0_70-PN/PIN HOLE COUNT DETAILS,QFNSOCKETNEWINQUIRY-PN/PIN HOLE COUNT DETAILS,QFN,SOCKET,NEWINQUIRY,INQUIRY,INQUIRY,8,1,EPK,QFN,JIM,85,0,0,0,0,0,DE,1.0,1.0,9.0,1.0,11.0,1.1231783256753816
144,FP-16X40EP-0.65-001,JAGUARSOCKETDIFFICULTPO,3D CONCEPT,FP-16X40EP-0.65-001-3D CONCEPT,JAGUARSOCKETDIFFICULTPO-3D CONCEPT,JAGUAR,SOCKET,DIFFICULTPO,PO,PO,16,40,EP,FP,DJ,85,0,0,0,0,0,ADE,3.0,11.0,0.0,0.0,11.0,12.794525462567185
145,FP-16X40EP-0.65-001,JAGUARSOCKETDIFFICULTPO,3D CONCEPT,FP-16X40EP-0.65-001-3D CONCEPT,JAGUARSOCKETDIFFICULTPO-3D CONCEPT,JAGUAR,SOCKET,DIFFICULTPO,PO,PO,16,40,EP,FP,MIKE,0,0,0,85,90,0,ADE,2.0,2.0,4.0,4.0,10.0,10.183269470814414
146,FP-16X40EP-0.65-001,JAGUARSOCKETDIFFICULTPO,3D CONCEPT,FP-16X40EP-0.65-001-3D CONCEPT,JAGUARSOCKETDIFFICULTPO-3D CONCEPT,JAGUAR,SOCKET,DIFFICULTPO,PO,PO,16,40,EP,FP,MOI,0,0,0,100,85,0,DE,8.5,7.5,9.0,2.0,19.5,10.769986861515358
147,FP-16X40EP-0.65-001,JAGUARSOCKETDIFFICULTPO,3D CONCEPT,FP-16X40EP-0.65-001-3D CONCEPT,JAGUARSOCKETDIFFICULTPO-3D CONCEPT,JAGUAR,SOCKET,DIFFICULTPO,PO,PO,16,40,EP,FP,LEVI,90,100,100,0,90,90,DE,8.0,8.0,2.0,0.0,10.0,9.23449050115485
148,FP-16X40EP-0.65-001,JAGUARSOCKETDIFFICULTPO,DRAWING - 2D&3D  ASSY,FP-16X40EP-0.65-001-DRAWING - 2D&3D  ASSY,JAGUARSOCKETDIFFICULTPO-DRAWING - 2D&3D  ASSY,JAGUAR,SOCKET,DIFFICULTPO,PO,PO,16,40,EP,FP,DJ,85,0,0,0,0,0,ADE,3.0,11.0,0.0,0.0,11.0,10.163021914682966
149,FP-16X40EP-0.65-001,JAGUARSOCKETDIFFICULTPO,DRAWING - 2D&3D  ASSY,FP-16X40EP-0.65-001-DRAWING - 2D&3D  ASSY,JAGUARSOCKETDIFFICULTPO-DRAWING - 2D&3D  ASSY,JAGUAR,SOCKET,DIFFICULTPO,PO,PO,16,40,EP,FP,MELVS,95,0,0,0,100,100,ADE,10.0,14.0,0.0,0.0,14.0,12.93048942254768
150,FP-16X40EP-0.65-001,JAGUARSOCKETDIFFICULTPO,DRAWING - 2D&3D  ASSY,FP-16X40EP-0.65-001-DRAWING - 2D&3D  ASSY,JAGUARSOCKETDIFFICULTPO-DRAWING - 2D&3D  ASSY,JAGUAR,SOCKET,DIFFICULTPO,PO,PO,16,40,EP,FP,MOI,0,0,0,100,85,0,DE,8.5,7.5,9.0,2.0,19.5,10.15967875317325
151,FP-16X40EP-0.65-001,JAGUARSOCKETDIFFICULTPO,DRAWING - 2D&3D  ASSY,FP-16X40EP-0.65-001-DRAWING - 2D&3D  ASSY,JAGUARSOCKETDIFFICULTPO-DRAWING - 2D&3D  ASSY,JAGUAR,SOCKET,DIFFICULTPO,PO,PO,16,40,EP,FP,JIM,85,0,0,0,0,0,DE,1.0,1.0,9.0,1.0,11.0,12.114651830922016
152,FP-16X40EP-0.65-001,JAGUARSOCKETDIFFICULTPO,DRAWING - 2D&3D PARTS,FP-16X40EP-0.65-001-DRAWING - 2D&3D PARTS,JAGUARSOCKETDIFFICULTPO-DRAWING - 2D&3D PARTS,JAGUAR,SOCKET,DIFFICULTPO,PO,PO,16,40,EP,FP,DJ,85,0,0,0,0,0,ADE,3.0,11.0,0.0,0.0,11.0,16.354647378500736
153,FP-16X40EP-0.65-001,JAGUARSOCKETDIFFICULTPO,DRAWING - 2D&3D PARTS,FP-16X40EP-0.65-001-DRAWING - 2D&3D PARTS,JAGUARSOCKETDIFFICULTPO-DRAWING - 2D&3D PARTS,JAGUAR,SOCKET,DIFFICULTPO,PO,PO,16,40,EP,FP,MIKE,0,0,0,85,90,0,ADE,2.0,2.0,4.0,4.0,10.0,12.985435387236139
154,FP-16X40EP-0.65-001,JAGUARSOCKETDIFFICULTPO,DRAWING - 2D&3D PARTS,FP-16X40EP-0.65-001-DRAWING - 2D&3D PARTS,JAGUARSOCKETDIFFICULTPO-DRAWING - 2D&3D PARTS,JAGUAR,SOCKET,DIFFICULTPO,PO,PO,16,40,EP,FP,MOI,0,0,0,100,85,0,DE,8.5,7.5,9.0,2.0,19.5,13.584824674816298
155,FP-16X40EP-0.65-001,JAGUARSOCKETDIFFICULTPO,DRAWING - 2D&3D PARTS,FP-16X40EP-0.65-001-DRAWING - 2D&3D PARTS,JAGUARSOCKETDIFFICULTPO-DRAWING - 2D&3D PARTS,JAGUAR,SOCKET,DIFFICULTPO,PO,PO,16,40,EP,FP,LEVI,90,100,100,0,90,90,DE,8.0,8.0,2.0,0.0,10.0,11.823318400073516
156,FP-16X40EP-0.65-001,JAGUARSOCKETDIFFICULTPO,INTERNAL REVISION,FP-16X40EP-0.65-001-INTERNAL REVISION,JAGUARSOCKETDIFFICULTPO-INTERNAL REVISION,JAGUAR,SOCKET,DIFFICULTPO,PO,PO,16,40,EP,FP,DJ,85,0,0,0,0,0,ADE,3.0,11.0,0.0,0.0,11.0,6.3519040547072905
157,FP-16X40EP-0.65-001,JAGUARSOCKETDIFFICULTPO,INTERNAL REVISION,FP-16X40EP-0.65-001-INTERNAL REVISION,JAGUARSOCKETDIFFICULTPO-INTERNAL REVISION,JAGUAR,SOCKET,DIFFICULTPO,PO,PO,16,40,EP,FP,MIKE,0,0,0,85,90,0,ADE,2.0,2.0,4.0,4.0,10.0,6.093312143237339
158,FP-16X40EP-0.65-001,JAGUARSOCKETDIFFICULTPO,INTERNAL REVISION,FP-16X40EP-0.65-001-INTERNAL REVISION,JAGUARSOCKETDIFFICULTPO-INTERNAL REVISION,JAGUAR,SOCKET,DIFFICULTPO,PO,PO,16,40,EP,FP,MOI,0,0,0,100,85,0,DE,8.5,7.5,9.0,2.0,19.5,6.145130397467533
159,FP-16X40EP-0.65-001,JAGUARSOCKETDIFFICULTPO,INTERNAL REVISION,FP-16X40EP-0.65-001-INTERNAL REVISION,JAGUARSOCKETDIFFICULTPO-INTERNAL REVISION,JAGUAR,SOCKET,DIFFICULTPO,PO,PO,16,40,EP,FP,LEVI,90,100,100,0,90,90,DE,8.0,8.0,2.0,0.0,10.0,5.487110799681872
160,FP-16X40EP-0.65-001,JAGUARSOCKETDIFFICULTPO,MESLINK,FP-16X40EP-0.65-001-MESLINK,JAGUARSOCKETDIFFICULTPO-MESLINK,JAGUAR,SOCKET,DIFFICULTPO,PO,PO,16,40,EP,FP,DJ,85,0,0,0,0,0,ADE,3.0,11.0,0.0,0.0,11.0,5.75978813525723
161,FP-16X40EP-0.65-001,JAGUARSOCKETDIFFICULTPO,MESLINK,FP-16X40EP-0.65-001-MESLINK,JAGUARSOCKETDIFFICULTPO-MESLINK,JAGUAR,SOCKET,DIFFICULTPO,PO,PO,16,40,EP,FP,MIKE,0,0,0,85,90,0,ADE,2.0,2.0,4.0,4.0,10.0,5.256415549122112
162,FP-16X40EP-0.65-001,JAGUARSOCKETDIFFICULTPO,MESLINK,FP-16X40EP-0.65-001-MESLINK,JAGUARSOCKETDIFFICULTPO-MESLINK,JAGUAR,SOCKET,DIFFICULTPO,PO,PO,16,40,EP,FP,MOI,0,0,0,100,85,0,DE,8.5,7.5,9.0,2.0,19.5,5.823396820964099
163,FP-16X40EP-0.65-001,JAGUARSOCKETDIFFICULTPO,MESLINK,FP-16X40EP-0.65-001-MESLINK,JAGUARSOCKETDIFFICULTPO-MESLINK,JAGUAR,SOCKET,DIFFICULTPO,PO,PO,16,40,EP,FP,LEVI,90,100,100,0,90,90,DE,8.0,8.0,2.0,0.0,10.0,5.630812282998372
164,FP-16X40EP-0.65-001,JAGUARSOCKETDIFFICULTPO,PARTS FINAL CHECKING,FP-16X40EP-0.65-001-PARTS FINAL CHECKING,JAGUARSOCKETDIFFICULTPO-PARTS FINAL CHECKING,JAGUAR,SOCKET,DIFFICULTPO,PO,PO,16,40,EP,FP,DJ,85,0,0,0,0,0,ADE,3.0,11.0,0.0,0.0,11.0,7.6251820911312675
165,FP-16X40EP-0.65-001,JAGUARSOCKETDIFFICULTPO,PARTS FINAL CHECKING,FP-16X40EP-0.65-001-PARTS FINAL CHECKING,JAGUARSOCKETDIFFICULTPO-PARTS FINAL CHECKING,JAGUAR,SOCKET,DIFFICULTPO,PO,PO,16,40,EP,FP,MIKE,0,0,0,85,90,0,ADE,2.0,2.0,4.0,4.0,10.0,6.888697073928818
166,FP-16X40EP-0.65-001,JAGUARSOCKETDIFFICULTPO,PARTS FINAL CHECKING,FP-16X40EP-0.65-001-PARTS FINAL CHECKING,JAGUARSOCKETDIFFICULTPO-PARTS FINAL CHECKING,JAGUAR,SOCKET,DIFFICULTPO,PO,PO,16,40,EP,FP,MOI,0,0,0,100,85,0,DE,8.5,7.5,9.0,2.0,19.5,7.4537489435511235
167,FP-16X40EP-0.65-001,JAGUARSOCKETDIFFICULTPO,PARTS FINAL CHECKING,FP-16X40EP-0.65-001-PARTS FINAL CHECKING,JAGUARSOCKETDIFFICULTPO-PARTS FINAL CHECKING,JAGUAR,SOCKET,DIFFICULTPO,PO,PO,16,40,EP,FP,LEVI,90,100,100,0,90,90,DE,8.0,8.0,2.0,0.0,10.0,6.630481466646986
168,FP-16X40EP-0.65-001,JAGUARSOCKETDIFFICULTPO,PARTS INITIAL CHECKING,FP-16X40EP-0.65-001-PARTS INITIAL CHECKING,JAGUARSOCKETDIFFICULTPO-PARTS INITIAL CHECKING,JAGUAR,SOCKET,DIFFICULTPO,PO,PO,16,40,EP,FP,DJ,85,0,0,0,0,0,ADE,3.0,11.0,0.0,0.0,11.0,7.985370730303838
169,FP-16X40EP-0.65-001,JAGUARSOCKETDIFFICULTPO,PARTS INITIAL CHECKING,FP-16X40EP-0.65-001-PARTS INITIAL CHECKING,JAGUARSOCKETDIFFICULTPO-PARTS INITIAL CHECKING,JAGUAR,SOCKET,DIFFICULTPO,PO,PO,16,40,EP,FP,MIKE,0,0,0,85,90,0,ADE,2.0,2.0,4.0,4.0,10.0,7.9911043593036215
170,FP-16X40EP-0.65-001,JAGUARSOCKETDIFFICULTPO,PARTS INITIAL CHECKING,FP-16X40EP-0.65-001-PARTS INITIAL CHECKING,JAGUARSOCKETDIFFICULTPO-PARTS INITIAL CHECKING,JAGUAR,SOCKET,DIFFICULTPO,PO,PO,16,40,EP,FP,MOI,0,0,0,100,85,0,DE,8.5,7.5,9.0,2.0,19.5,8.257210916951582
171,FP-16X40EP-0.65-001,JAGUARSOCKETDIFFICULTPO,PARTS INITIAL CHECKING,FP-16X40EP-0.65-001-PARTS INITIAL CHECKING,JAGUARSOCKETDIFFICULTPO-PARTS INITIAL CHECKING,JAGUAR,SOCKET,DIFFICULTPO,PO,PO,16,40,EP,FP,LEVI,90,100,100,0,90,90,DE,8.0,8.0,2.0,0.0,10.0,7.992270160777827
172,FP-16X40EP-0.65-001-E0,JAGUARLIDDIFFICULTPO,3D CONCEPT,FP-16X40EP-0.65-001-E0-3D CONCEPT,JAGUARLIDDIFFICULTPO-3D CONCEPT,JAGUAR,LID,DIFFICULTPO,PO,PO,16,40,EP,FP,DJ,85,0,0,0,0,0,ADE,3.0,11.0,0.0,0.0,11.0,10.38134105223837
173,FP-16X40EP-0.65-001-E0,JAGUARLIDDIFFICULTPO,3D CONCEPT,FP-16X40EP-0.65-001-E0-3D CONCEPT,JAGUARLIDDIFFICULTPO-3D CONCEPT,JAGUAR,LID,DIFFICULTPO,PO,PO,16,40,EP,FP,MIKE,0,0,0,85,90,0,ADE,2.0,2.0,4.0,4.0,10.0,7.54029850859241
174,FP-16X40EP-0.65-001-E0,JAGUARLIDDIFFICULTPO,3D CONCEPT,FP-16X40EP-0.65-001-E0-3D CONCEPT,JAGUARLIDDIFFICULTPO-3D CONCEPT,JAGUAR,LID,DIFFICULTPO,PO,PO,16,40,EP,FP,MOI,0,0,0,100,85,0,DE,8.5,7.5,9.0,2.0,19.5,8.394613059476708
175,FP-16X40EP-0.65-001-E0,JAGUARLIDDIFFICULTPO,3D CONCEPT,FP-16X40EP-0.65-001-E0-3D CONCEPT,JAGUARLIDDIFFICULTPO-3D CONCEPT,JAGUAR,LID,DIFFICULTPO,PO,PO,16,40,EP,FP,LEVI,90,100,100,0,90,90,DE,8.0,8.0,2.0,0.0,10.0,6.377813101621676
176,FP-16X40EP-0.65-001-E0,JAGUARLIDDIFFICULTPO,DRAWING - 2D&3D PARTS,FP-16X40EP-0.65-001-E0-DRAWING - 2D&3D PARTS,JAGUARLIDDIFFICULTPO-DRAWING - 2D&3D PARTS,JAGUAR,LID,DIFFICULTPO,PO,PO,16,40,EP,FP,DJ,85,0,0,0,0,0,ADE,3.0,11.0,0.0,0.0,11.0,12.883127602925777
177,FP-16X40EP-0.65-001-E0,JAGUARLIDDIFFICULTPO,DRAWING - 2D&3D PARTS,FP-16X40EP-0.65-001-E0-DRAWING - 2D&3D PARTS,JAGUARLIDDIFFICULTPO-DRAWING - 2D&3D PARTS,JAGUAR,LID,DIFFICULTPO,PO,PO,16,40,EP,FP,MIKE,0,0,0,85,90,0,ADE,2.0,2.0,4.0,4.0,10.0,9.914565848017087
178,FP-16X40EP-0.65-001-E0,JAGUARLIDDIFFICULTPO,DRAWING - 2D&3D PARTS,FP-16X40EP-0.65-001-E0-DRAWING - 2D&3D PARTS,JAGUARLIDDIFFICULTPO-DRAWING - 2D&3D PARTS,JAGUAR,LID,DIFFICULTPO,PO,PO,16,40,EP,FP,MOI,0,0,0,100,85,0,DE,8.5,7.5,9.0,2.0,19.5,10.931189671815558
179,FP-16X40EP-0.65-001-E0,JAGUARLIDDIFFICULTPO,DRAWING - 2D&3D PARTS,FP-16X40EP-0.65-001-E0-DRAWING - 2D&3D PARTS,JAGUARLIDDIFFICULTPO-DRAWING - 2D&3D PARTS,JAGUAR,LID,DIFFICULTPO,PO,PO,16,40,EP,FP,LEVI,90,100,100,0,90,90,DE,8.0,8.0,2.0,0.0,10.0,8.478273306769173
180,FP-16X40EP-0.65-001-E0,JAGUARLIDDIFFICULTPO,FINAL CHECKING,FP-16X40EP-0.65-001-E0-FINAL CHECKING,JAGUARLIDDIFFICULTPO-FINAL CHECKING,JAGUAR,LID,DIFFICULTPO,PO,PO,16,40,EP,FP,DJ,85,0,0,0,0,0,ADE,3.0,11.0,0.0,0.0,11.0,2.0970266547452443
181,FP-16X40EP-0.65-001-E0,JAGUARLIDDIFFICULTPO,FINAL CHECKING,FP-16X40EP-0.65-001-E0-FINAL CHECKING,JAGUARLIDDIFFICULTPO-FINAL CHECKING,JAGUAR,LID,DIFFICULTPO,PO,PO,16,40,EP,FP,MIKE,0,0,0,85,90,0,ADE,2.0,2.0,4.0,4.0,10.0,1.1714318189599968
182,FP-16X40EP-0.65-001-E0,JAGUARLIDDIFFICULTPO,FINAL CHECKING,FP-16X40EP-0.65-001-E0-FINAL CHECKING,JAGUARLIDDIFFICULTPO-FINAL CHECKING,JAGUAR,LID,DIFFICULTPO,PO,PO,16,40,EP,FP,MERVS,0,80,100,0,45,0,DE,7.0,8.0,0.0,3.0,11.0,1.7314713586170547
183,FP-16X40EP-0.65-001-E0,JAGUARLIDDIFFICULTPO,FINAL CHECKING,FP-16X40EP-0.65-001-E0-FINAL CHECKING,JAGUARLIDDIFFICULTPO-FINAL CHECKING,JAGUAR,LID,DIFFICULTPO,PO,PO,16,40,EP,FP,LEVI,90,100,100,0,90,90,DE,8.0,8.0,2.0,0.0,10.0,1.7633207532430826
184,FP-16X40EP-0.65-001-E0,JAGUARLIDDIFFICULTPO,INTERNAL REVISION,FP-16X40EP-0.65-001-E0-INTERNAL REVISION,JAGUARLIDDIFFICULTPO-INTERNAL REVISION,JAGUAR,LID,DIFFICULTPO,PO,PO,16,40,EP,FP,DJ,85,0,0,0,0,0,ADE,3.0,11.0,0.0,0.0,11.0,5.034915203372552
185,FP-16X40EP-0.65-001-E0,JAGUARLIDDIFFICULTPO,INTERNAL REVISION,FP-16X40EP-0.65-001-E0-INTERNAL REVISION,JAGUARLIDDIFFICULTPO-INTERNAL REVISION,JAGUAR,LID,DIFFICULTPO,PO,PO,16,40,EP,FP,MIKE,0,0,0,85,90,0,ADE,2.0,2.0,4.0,4.0,10.0,4.344935313622468
186,FP-16X40EP-0.65-001-E0,JAGUARLIDDIFFICULTPO,INTERNAL REVISION,FP-16X40EP-0.65-001-E0-INTERNAL REVISION,JAGUARLIDDIFFICULTPO-INTERNAL REVISION,JAGUAR,LID,DIFFICULTPO,PO,PO,16,40,EP,FP,MERVS,0,80,100,0,45,0,DE,7.0,8.0,0.0,3.0,11.0,3.614804805152275
187,FP-16X40EP-0.65-001-E0,JAGUARLIDDIFFICULTPO,INTERNAL REVISION,FP-16X40EP-0.65-001-E0-INTERNAL REVISION,JAGUARLIDDIFFICULTPO-INTERNAL REVISION,JAGUAR,LID,DIFFICULTPO,PO,PO,16,40,EP,FP,LEVI,90,100,100,0,90,90,DE,8.0,8.0,2.0,0.0,10.0,3.771140948670931
188,FP-16X40EP-0.65-001-E0,JAGUARLIDDIFFICULTPO,PARTS FINAL CHECKING,FP-16X40EP-0.65-001-E0-PARTS FINAL CHECKING,JAGUARLIDDIFFICULTPO-PARTS FINAL CHECKING,JAGUAR,LID,DIFFICULTPO,PO,PO,16,40,EP,FP,DJ,85,0,0,0,0,0,ADE,3.0,11.0,0.0,0.0,11.0,5.962152097587479
189,FP-16X40EP-0.65-001-E0,JAGUARLIDDIFFICULTPO,PARTS FINAL CHECKING,FP-16X40EP-0.65-001-E0-PARTS FINAL CHECKING,JAGUARLIDDIFFICULTPO-PARTS FINAL CHECKING,JAGUAR,LID,DIFFICULTPO,PO,PO,16,40,EP,FP,MELVS,95,0,0,0,100,100,ADE,10.0,14.0,0.0,0.0,14.0,6.958564814864743
190,FP-16X40EP-0.65-001-E0,JAGUARLIDDIFFICULTPO,PARTS FINAL CHECKING,FP-16X40EP-0.65-001-E0-PARTS FINAL CHECKING,JAGUARLIDDIFFICULTPO-PARTS FINAL CHECKING,JAGUAR,LID,DIFFICULTPO,PO,PO,16,40,EP,FP,MOI,0,0,0,100,85,0,DE,8.5,7.5,9.0,2.0,19.5,5.315655264132047
191,FP-16X40EP-0.65-001-E0,JAGUARLIDDIFFICULTPO,PARTS FINAL CHECKING,FP-16X40EP-0.65-001-E0-PARTS FINAL CHECKING,JAGUARLIDDIFFICULTPO-PARTS FINAL CHECKING,JAGUAR,LID,DIFFICULTPO,PO,PO,16,40,EP,FP,JIM,85,0,0,0,0,0,DE,1.0,1.0,9.0,1.0,11.0,6.635769835519693
192,FP-16X40EP-0.65-001-G0,JAGUARLIDDIFFICULTPO,3D CONCEPT,FP-16X40EP-0.65-001-G0-3D CONCEPT,JAGUARLIDDIFFICULTPO-3D CONCEPT,JAGUAR,LID,DIFFICULTPO,PO,PO,16,40,EP,FP,DJ,85,0,0,0,0,0,ADE,3.0,11.0,0.0,0.0,11.0,10.38134105223837
193,FP-16X40EP-0.65-001-G0,JAGUARLIDDIFFICULTPO,3D CONCEPT,FP-16X40EP-0.65-001-G0-3D CONCEPT,JAGUARLIDDIFFICULTPO-3D CONCEPT,JAGUAR,LID,DIFFICULTPO,PO,PO,16,40,EP,FP,MIKE,0,0,0,85,90,0,ADE,2.0,2.0,4.0,4.0,10.0,7.54029850859241
194,FP-16X40EP-0.65-001-G0,JAGUARLIDDIFFICULTPO,3D CONCEPT,FP-16X40EP-0.65-001-G0-3D CONCEPT,JAGUARLIDDIFFICULTPO-3D CONCEPT,JAGUAR,LID,DIFFICULTPO,PO,PO,16,40,EP,FP,MOI,0,0,0,100,85,0,DE,8.5,7.5,9.0,2.0,19.5,8.394613059476708
195,FP-16X40EP-0.65-001-G0,JAGUARLIDDIFFICULTPO,3D CONCEPT,FP-16X40EP-0.65-001-G0-3D CONCEPT,JAGUARLIDDIFFICULTPO-3D CONCEPT,JAGUAR,LID,DIFFICULTPO,PO,PO,16,40,EP,FP,LEVI,90,100,100,0,90,90,DE,8.0,8.0,2.0,0.0,10.0,6.377813101621676
196,FP-16X40EP-0.65-001-G0,JAGUARLIDDIFFICULTPO,DRAWING - 2D&3D  ASSY,FP-16X40EP-0.65-001-G0-DRAWING - 2D&3D  ASSY,JAGUARLIDDIFFICULTPO-DRAWING - 2D&3D  ASSY,JAGUAR,LID,DIFFICULTPO,PO,PO,16,40,EP,FP,DJ,85,0,0,0,0,0,ADE,3.0,11.0,0.0,0.0,11.0,8.441867686808726
197,FP-16X40EP-0.65-001-G0,JAGUARLIDDIFFICULTPO,DRAWING - 2D&3D  ASSY,FP-16X40EP-0.65-001-G0-DRAWING - 2D&3D  ASSY,JAGUARLIDDIFFICULTPO-DRAWING - 2D&3D  ASSY,JAGUAR,LID,DIFFICULTPO,PO,PO,16,40,EP,FP,MELVS,95,0,0,0,100,100,ADE,10.0,14.0,0.0,0.0,14.0,9.462040864828008
198,FP-16X40EP-0.65-001-G0,JAGUARLIDDIFFICULTPO,DRAWING - 2D&3D  ASSY,FP-16X40EP-0.65-001-G0-DRAWING - 2D&3D  ASSY,JAGUARLIDDIFFICULTPO-DRAWING - 2D&3D  ASSY,JAGUAR,LID,DIFFICULTPO,PO,PO,16,40,EP,FP,MOI,0,0,0,100,85,0,DE,8.5,7.5,9.0,2.0,19.5,8.213071668891253
199,FP-16X40EP-0.65-001-G0,JAGUARLIDDIFFICULTPO,DRAWING - 2D&3D  ASSY,FP-16X40EP-0.65-001-G0-DRAWING - 2D&3D  ASSY,JAGUARLIDDIFFICULTPO-DRAWING - 2D&3D  ASSY,JAGUAR,LID,DIFFICULTPO,PO,PO,16,40,EP,FP,JIM,85,0,0,0,0,0,DE,1.0,1.0,9.0,1.0,11.0,10.029515403664487
200,FP-16X40EP-0.65-001-G0,JAGUARLIDDIFFICULTPO,INTERNAL REVISION,FP-16X40EP-0.65-001-G0-INTERNAL REVISION,JAGUARLIDDIFFICULTPO-INTERNAL REVISION,JAGUAR,LID,DIFFICULTPO,PO,PO,16,40,EP,FP,DJ,85,0,0,0,0,0,ADE,3.0,11.0,0.0,0.0,11.0,5.034915203372552
201,FP-16X40EP-0.65-001-G0,JAGUARLIDDIFFICULTPO,INTERNAL REVISION,FP-16X40EP-0.65-001-G0-INTERNAL REVISION,JAGUARLIDDIFFICULTPO-INTERNAL REVISION,JAGUAR,LID,DIFFICULTPO,PO,PO,16,40,EP,FP,MIKE,0,0,0,85,90,0,ADE,2.0,2.0,4.0,4.0,10.0,4.344935313622468
202,FP-16X40EP-0.65-001-G0,JAGUARLIDDIFFICULTPO,INTERNAL REVISION,FP-16X40EP-0.65-001-G0-INTERNAL REVISION,JAGUARLIDDIFFICULTPO-INTERNAL REVISION,JAGUAR,LID,DIFFICULTPO,PO,PO,16,40,EP,FP,MERVS,0,80,100,0,45,0,DE,7.0,8.0,0.0,3.0,11.0,3.614804805152275
203,FP-16X40EP-0.65-001-G0,JAGUARLIDDIFFICULTPO,INTERNAL REVISION,FP-16X40EP-0.65-001-G0-INTERNAL REVISION,JAGUARLIDDIFFICULTPO-INTERNAL REVISION,JAGUAR,LID,DIFFICULTPO,PO,PO,16,40,EP,FP,LEVI,90,100,100,0,90,90,DE,8.0,8.0,2.0,0.0,10.0,3.771140948670931
204,FP-16X40EP-0.65-001-G0,JAGUARLIDDIFFICULTPO,PARTS FINAL CHECKING,FP-16X40EP-0.65-001-G0-PARTS FINAL CHECKING,JAGUARLIDDIFFICULTPO-PARTS FINAL CHECKING,JAGUAR,LID,DIFFICULTPO,PO,PO,16,40,EP,FP,DJ,85,0,0,0,0,0,ADE,3.0,11.0,0.0,0.0,11.0,5.962152097587479
205,FP-16X40EP-0.65-001-G0,JAGUARLIDDIFFICULTPO,PARTS FINAL CHECKING,FP-16X40EP-0.65-001-G0-PARTS FINAL CHECKING,JAGUARLIDDIFFICULTPO-PARTS FINAL CHECKING,JAGUAR,LID,DIFFICULTPO,PO,PO,16,40,EP,FP,MELVS,95,0,0,0,100,100,ADE,10.0,14.0,0.0,0.0,14.0,6.958564814864743
206,FP-16X40EP-0.65-001-G0,JAGUARLIDDIFFICULTPO,PARTS FINAL CHECKING,FP-16X40EP-0.65-001-G0-PARTS FINAL CHECKING,JAGUARLIDDIFFICULTPO-PARTS FINAL CHECKING,JAGUAR,LID,DIFFICULTPO,PO,PO,16,40,EP,FP,MOI,0,0,0,100,85,0,DE,8.5,7.5,9.0,2.0,19.5,5.315655264132047
207,FP-16X40EP-0.65-001-G0,JAGUARLIDDIFFICULTPO,PARTS FINAL CHECKING,FP-16X40EP-0.65-001-G0-PARTS FINAL CHECKING,JAGUARLIDDIFFICULTPO-PARTS FINAL CHECKING,JAGUAR,LID,DIFFICULTPO,PO,PO,16,40,EP,FP,JIM,85,0,0,0,0,0,DE,1.0,1.0,9.0,1.0,11.0,6.635769835519693
208,FP-16X40EP-0.65-001-G0,JAGUARLIDDIFFICULTPO,PARTS INITIAL CHECKING,FP-16X40EP-0.65-001-G0-PARTS INITIAL CHECKING,JAGUARLIDDIFFICULTPO-PARTS INITIAL CHECKING,JAGUAR,LID,DIFFICULTPO,PO,PO,16,40,EP,FP,DJ,85,0,0,0,0,0,ADE,3.0,11.0,0.0,0.0,11.0,6.0221576698886725
209,FP-16X40EP-0.65-001-G0,JAGUARLIDDIFFICULTPO,PARTS INITIAL CHECKING,FP-16X40EP-0.65-001-G0-PARTS INITIAL CHECKING,JAGUARLIDDIFFICULTPO-PARTS INITIAL CHECKING,JAGUAR,LID,DIFFICULTPO,PO,PO,16,40,EP,FP,MIKE,0,0,0,85,90,0,ADE,2.0,2.0,4.0,4.0,10.0,6.18146863358886
210,FP-16X40EP-0.65-001-G0,JAGUARLIDDIFFICULTPO,PARTS INITIAL CHECKING,FP-16X40EP-0.65-001-G0-PARTS INITIAL CHECKING,JAGUARLIDDIFFICULTPO-PARTS INITIAL CHECKING,JAGUAR,LID,DIFFICULTPO,PO,PO,16,40,EP,FP,MERVS,0,80,100,0,45,0,DE,7.0,8.0,0.0,3.0,11.0,5.32078729049574
211,FP-16X40EP-0.65-001-G0,JAGUARLIDDIFFICULTPO,PARTS INITIAL CHECKING,FP-16X40EP-0.65-001-G0-PARTS INITIAL CHECKING,JAGUARLIDDIFFICULTPO-PARTS INITIAL CHECKING,JAGUAR,LID,DIFFICULTPO,PO,PO,16,40,EP,FP,LEVI,90,100,100,0,90,90,DE,8.0,8.0,2.0,0.0,10.0,5.784094381456583
212,QFN-16X8EPK-0.5-013-00,JAGUARSOCKETEASYPO,CONCEPT CHECKING,QFN-16X8EPK-0.5-013-00-CONCEPT CHECKING,JAGUARSOCKETEASYPO-CONCEPT CHECKING,JAGUAR,SOCKET,EASYPO,PO,PO,16,8,EPK,QFN,DJ,85,0,0,0,0,0,ADE,3.0,11.0,0.0,0.0,11.0,2.8341834377190547
213,QFN-16X8EPK-0.5-013-00,JAGUARSOCKETEASYPO,CONCEPT CHECKING,QFN-16X8EPK-0.5-013-00-CONCEPT CHECKING,JAGUARSOCKETEASYPO-CONCEPT CHECKING,JAGUAR,SOCKET,EASYPO,PO,PO,16,8,EPK,QFN,MIKE,0,0,0,85,90,0,ADE,2.0,2.0,4.0,4.0,10.0,3.030198285396016
214,QFN-16X8EPK-0.5-013-00,JAGUARSOCKETEASYPO,CONCEPT CHECKING,QFN-16X8EPK-0.5-013-00-CONCEPT CHECKING,JAGUARSOCKETEASYPO-CONCEPT CHECKING,JAGUAR,SOCKET,EASYPO,PO,PO,16,8,EPK,QFN,MERVS,0,80,100,0,45,0,DE,7.0,8.0,0.0,3.0,11.0,2.7926410893701674
215,QFN-16X8EPK-0.5-013-00,JAGUARSOCKETEASYPO,CONCEPT CHECKING,QFN-16X8EPK-0.5-013-00-CONCEPT CHECKING,JAGUARSOCKETEASYPO-CONCEPT CHECKING,JAGUAR,SOCKET,EASYPO,PO,PO,16,8,EPK,QFN,LEVI,90,100,100,0,90,90,DE,8.0,8.0,2.0,0.0,10.0,3.1400525888259425
216,QFN-16X8EPK-0.5-013-00,JAGUARSOCKETEASYPO,DRAWING - 2D&3D  ASSY,QFN-16X8EPK-0.5-013-00-DRAWING - 2D&3D  ASSY,JAGUARSOCKETEASYPO-DRAWING - 2D&3D  ASSY,JAGUAR,SOCKET,EASYPO,PO,PO,16,8,EPK,QFN,DJ,85,0,0,0,0,0,ADE,3.0,11.0,0.0,0.0,11.0,6.135799712189362
217,QFN-16X8EPK-0.5-013-00,JAGUARSOCKETEASYPO,DRAWING - 2D&3D  ASSY,QFN-16X8EPK-0.5-013-00-DRAWING - 2D&3D  ASSY,JAGUARSOCKETEASYPO-DRAWING - 2D&3D  ASSY,JAGUAR,SOCKET,EASYPO,PO,PO,16,8,EPK,QFN,MIKE,0,0,0,85,90,0,ADE,2.0,2.0,4.0,4.0,10.0,5.302082023684025
218,QFN-16X8EPK-0.5-013-00,JAGUARSOCKETEASYPO,DRAWING - 2D&3D  ASSY,QFN-16X8EPK-0.5-013-00-DRAWING - 2D&3D  ASSY,JAGUARSOCKETEASYPO-DRAWING - 2D&3D  ASSY,JAGUAR,SOCKET,EASYPO,PO,PO,16,8,EPK,QFN,MERVS,0,80,100,0,45,0,DE,7.0,8.0,0.0,3.0,11.0,4.456130156619068
219,QFN-16X8EPK-0.5-013-00,JAGUARSOCKETEASYPO,DRAWING - 2D&3D  ASSY,QFN-16X8EPK-0.5-013-00-DRAWING - 2D&3D  ASSY,JAGUARSOCKETEASYPO-DRAWING - 2D&3D  ASSY,JAGUAR,SOCKET,EASYPO,PO,PO,16,8,EPK,QFN,LEVI,90,100,100,0,90,90,DE,8.0,8.0,2.0,0.0,10.0,4.572545003616264
220,QFN-16X8EPK-0.5-013-00,JAGUARSOCKETEASYPO,DRAWING - 2D&3D PARTS,QFN-16X8EPK-0.5-013-00-DRAWING - 2D&3D PARTS,JAGUARSOCKETEASYPO-DRAWING - 2D&3D PARTS,JAGUAR,SOCKET,EASYPO,PO,PO,16,8,EPK,QFN,DJ,85,0,0,0,0,0,ADE,3.0,11.0,0.0,0.0,11.0,13.524230582755683
221,QFN-16X8EPK-0.5-013-00,JAGUARSOCKETEASYPO,DRAWING - 2D&3D PARTS,QFN-16X8EPK-0.5-013-00-DRAWING - 2D&3D PARTS,JAGUARSOCKETEASYPO-DRAWING - 2D&3D PARTS,JAGUAR,SOCKET,EASYPO,PO,PO,16,8,EPK,QFN,MIKE,0,0,0,85,90,0,ADE,2.0,2.0,4.0,4.0,10.0,10.124007820505646
222,QFN-16X8EPK-0.5-013-00,JAGUARSOCKETEASYPO,DRAWING - 2D&3D PARTS,QFN-16X8EPK-0.5-013-00-DRAWING - 2D&3D PARTS,JAGUARSOCKETEASYPO-DRAWING - 2D&3D PARTS,JAGUAR,SOCKET,EASYPO,PO,PO,16,8,EPK,QFN,MERVS,0,80,100,0,45,0,DE,7.0,8.0,0.0,3.0,11.0,9.113249407638335
223,QFN-16X8EPK-0.5-013-00,JAGUARSOCKETEASYPO,DRAWING - 2D&3D PARTS,QFN-16X8EPK-0.5-013-00-DRAWING - 2D&3D PARTS,JAGUARSOCKETEASYPO-DRAWING - 2D&3D PARTS,JAGUAR,SOCKET,EASYPO,PO,PO,16,8,EPK,QFN,LEVI,90,100,100,0,90,90,DE,8.0,8.0,2.0,0.0,10.0,8.747615760513376
224,QFN-16X8EPK-0.5-013-00,JAGUARSOCKETEASYPO,FINAL CHECKING,QFN-16X8EPK-0.5-013-00-FINAL CHECKING,JAGUARSOCKETEASYPO-FINAL CHECKING,JAGUAR,SOCKET,EASYPO,PO,PO,16,8,EPK,QFN,DJ,85,0,0,0,0,0,ADE,3.0,11.0,0.0,0.0,11.0,1.6999133957378962
225,QFN-16X8EPK-0.5-013-00,JAGUARSOCKETEASYPO,FINAL CHECKING,QFN-16X8EPK-0.5-013-00-FINAL CHECKING,JAGUARSOCKETEASYPO-FINAL CHECKING,JAGUAR,SOCKET,EASYPO,PO,PO,16,8,EPK,QFN,MIKE,0,0,0,85,90,0,ADE,2.0,2.0,4.0,4.0,10.0,1.0487473256605822
226,QFN-16X8EPK-0.5-013-00,JAGUARSOCKETEASYPO,FINAL CHECKING,QFN-16X8EPK-0.5-013-00-FINAL CHECKING,JAGUARSOCKETEASYPO-FINAL CHECKING,JAGUAR,SOCKET,EASYPO,PO,PO,16,8,EPK,QFN,MERVS,0,80,100,0,45,0,DE,7.0,8.0,0.0,3.0,11.0,1.2608516673046517
227,QFN-16X8EPK-0.5-013-00,JAGUARSOCKETEASYPO,FINAL CHECKING,QFN-16X8EPK-0.5-013-00-FINAL CHECKING,JAGUARSOCKETEASYPO-FINAL CHECKING,JAGUAR,SOCKET,EASYPO,PO,PO,16,8,EPK,QFN,LEVI,90,100,100,0,90,90,DE,8.0,8.0,2.0,0.0,10.0,1.140011321532837
228,QFN-16X8EPK-0.5-013-00,JAGUARSOCKETEASYPO,INTERNAL REVISION,QFN-16X8EPK-0.5-013-00-INTERNAL REVISION,JAGUARSOCKETEASYPO-INTERNAL REVISION,JAGUAR,SOCKET,EASYPO,PO,PO,16,8,EPK,QFN,DJ,85,0,0,0,0,0,ADE,3.0,11.0,0.0,0.0,11.0,4.083607986318214
229,QFN-16X8EPK-0.5-013-00,JAGUARSOCKETEASYPO,INTERNAL REVISION,QFN-16X8EPK-0.5-013-00-INTERNAL REVISION,JAGUARSOCKETEASYPO-INTERNAL REVISION,JAGUAR,SOCKET,EASYPO,PO,PO,16,8,EPK,QFN,MIKE,0,0,0,85,90,0,ADE,2.0,2.0,4.0,4.0,10.0,3.8859065793834255
230,QFN-16X8EPK-0.5-013-00,JAGUARSOCKETEASYPO,INTERNAL REVISION,QFN-16X8EPK-0.5-013-00-INTERNAL REVISION,JAGUARSOCKETEASYPO-INTERNAL REVISION,JAGUAR,SOCKET,EASYPO,PO,PO,16,8,EPK,QFN,MERVS,0,80,100,0,45,0,DE,7.0,8.0,0.0,3.0,11.0,2.9872258531712905
231,QFN-16X8EPK-0.5-013-00,JAGUARSOCKETEASYPO,INTERNAL REVISION,QFN-16X8EPK-0.5-013-00-INTERNAL REVISION,JAGUARSOCKETEASYPO-INTERNAL REVISION,JAGUAR,SOCKET,EASYPO,PO,PO,16,8,EPK,QFN,LEVI,90,100,100,0,90,90,DE,8.0,8.0,2.0,0.0,10.0,3.0278042805333443
232,QFN-16X8EPK-0.5-013-00,JAGUARSOCKETEASYPO,MESLINK,QFN-16X8EPK-0.5-013-00-MESLINK,JAGUARSOCKETEASYPO-MESLINK,JAGUAR,SOCKET,EASYPO,PO,PO,16,8,EPK,QFN,DJ,85,0,0,0,0,0,ADE,3.0,11.0,0.0,0.0,11.0,3.084232195250271
233,QFN-16X8EPK-0.5-013-00,JAGUARSOCKETEASYPO,MESLINK,QFN-16X8EPK-0.5-013-00-MESLINK,JAGUARSOCKETEASYPO-MESLINK,JAGUAR,SOCKET,EASYPO,PO,PO,16,8,EPK,QFN,MIKE,0,0,0,85,90,0,ADE,2.0,2.0,4.0,4.0,10.0,3.308942559557936
234,QFN-16X8EPK-0.5-013-00,JAGUARSOCKETEASYPO,MESLINK,QFN-16X8EPK-0.5-013-00-MESLINK,JAGUARSOCKETEASYPO-MESLINK,JAGUAR,SOCKET,EASYPO,PO,PO,16,8,EPK,QFN,MERVS,0,80,100,0,45,0,DE,7.0,8.0,0.0,3.0,11.0,2.846789464311826
235,QFN-16X8EPK-0.5-013-00,JAGUARSOCKETEASYPO,MESLINK,QFN-16X8EPK-0.5-013-00-MESLINK,JAGUARSOCKETEASYPO-MESLINK,JAGUAR,SOCKET,EASYPO,PO,PO,16,8,EPK,QFN,LEVI,90,100,100,0,90,90,DE,8.0,8.0,2.0,0.0,10.0,3.193958317185515
236,QFN-16X8EPK-0.5-013-00,JAGUARSOCKETEASYPO,PARTS FINAL CHECKING,QFN-16X8EPK-0.5-013-00-PARTS FINAL CHECKING,JAGUARSOCKETEASYPO-PARTS FINAL CHECKING,JAGUAR,SOCKET,EASYPO,PO,PO,16,8,EPK,QFN,DJ,85,0,0,0,0,0,ADE,3.0,11.0,0.0,0.0,11.0,4.432888983419788
237,QFN-16X8EPK-0.5-013-00,JAGUARSOCKETEASYPO,PARTS FINAL CHECKING,QFN-16X8EPK-0.5-013-00-PARTS FINAL CHECKING,JAGUARSOCKETEASYPO-PARTS FINAL CHECKING,JAGUAR,SOCKET,EASYPO,PO,PO,16,8,EPK,QFN,MIKE,0,0,0,85,90,0,ADE,2.0,2.0,4.0,4.0,10.0,4.145348551941156
238,QFN-16X8EPK-0.5-013-00,JAGUARSOCKETEASYPO,PARTS FINAL CHECKING,QFN-16X8EPK-0.5-013-00-PARTS FINAL CHECKING,JAGUARSOCKETEASYPO-PARTS FINAL CHECKING,JAGUAR,SOCKET,EASYPO,PO,PO,16,8,EPK,QFN,MERVS,0,80,100,0,45,0,DE,7.0,8.0,0.0,3.0,11.0,3.4360705815207475
239,QFN-16X8EPK-0.5-013-00,JAGUARSOCKETEASYPO,PARTS FINAL CHECKING,QFN-16X8EPK-0.5-013-00-PARTS FINAL CHECKING,JAGUARSOCKETEASYPO-PARTS FINAL CHECKING,JAGUAR,SOCKET,EASYPO,PO,PO,16,8,EPK,QFN,LEVI,90,100,100,0,90,90,DE,8.0,8.0,2.0,0.0,10.0,3.459900600966679
240,QFN-16X8EPK-0.5-013-00,JAGUARSOCKETEASYPO,PARTS INITIAL CHECKING,QFN-16X8EPK-0.5-013-00-PARTS INITIAL CHECKING,JAGUARSOCKETEASYPO-PARTS INITIAL CHECKING,JAGUAR,SOCKET,EASYPO,PO,PO,16,8,EPK,QFN,DJ,85,0,0,0,0,0,ADE,3.0,11.0,0.0,0.0,11.0,4.560417408801396
241,QFN-16X8EPK-0.5-013-00,JAGUARSOCKETEASYPO,PARTS INITIAL CHECKING,QFN-16X8EPK-0.5-013-00-PARTS INITIAL CHECKING,JAGUARSOCKETEASYPO-PARTS INITIAL CHECKING,JAGUAR,SOCKET,EASYPO,PO,PO,16,8,EPK,QFN,MIKE,0,0,0,85,90,0,ADE,2.0,2.0,4.0,4.0,10.0,4.747448376141296
242,QFN-16X8EPK-0.5-013-00,JAGUARSOCKETEASYPO,PARTS INITIAL CHECKING,QFN-16X8EPK-0.5-013-00-PARTS INITIAL CHECKING,JAGUARSOCKETEASYPO-PARTS INITIAL CHECKING,JAGUAR,SOCKET,EASYPO,PO,PO,16,8,EPK,QFN,MERVS,0,80,100,0,45,0,DE,7.0,8.0,0.0,3.0,11.0,4.259647886833902
243,QFN-16X8EPK-0.5-013-00,JAGUARSOCKETEASYPO,PARTS INITIAL CHECKING,QFN-16X8EPK-0.5-013-00-PARTS INITIAL CHECKING,JAGUARSOCKETEASYPO-PARTS INITIAL CHECKING,JAGUAR,SOCKET,EASYPO,PO,PO,16,8,EPK,QFN,LEVI,90,100,100,0,90,90,DE,8.0,8.0,2.0,0.0,10.0,4.66497374102801
244,QFN-16X8EPK-0.5-013-70,JAGUARLIDEASYPO,DRAWING - 2D&3D  ASSY,QFN-16X8EPK-0.5-013-70-DRAWING - 2D&3D  ASSY,JAGUARLIDEASYPO-DRAWING - 2D&3D  ASSY,JAGUAR,LID,EASYPO,PO,PO,16,8,EPK,QFN,DJ,85,0,0,0,0,0,ADE,3.0,11.0,0.0,0.0,11.0,5.382362070594223
245,QFN-16X8EPK-0.5-013-70,JAGUARLIDEASYPO,DRAWING - 2D&3D  ASSY,QFN-16X8EPK-0.5-013-70-DRAWING - 2D&3D  ASSY,JAGUARLIDEASYPO-DRAWING - 2D&3D  ASSY,JAGUAR,LID,EASYPO,PO,PO,16,8,EPK,QFN,MIKE,0,0,0,85,90,0,ADE,2.0,2.0,4.0,4.0,10.0,4.589099707938594
246,QFN-16X8EPK-0.5-013-70,JAGUARLIDEASYPO,DRAWING - 2D&3D  ASSY,QFN-16X8EPK-0.5-013-70-DRAWING - 2D&3D  ASSY,JAGUARLIDEASYPO-DRAWING - 2D&3D  ASSY,JAGUAR,LID,EASYPO,PO,PO,16,8,EPK,QFN,MERVS,0,80,100,0,45,0,DE,7.0,8.0,0.0,3.0,11.0,3.8651868057820717
247,QFN-16X8EPK-0.5-013-70,JAGUARLIDEASYPO,DRAWING - 2D&3D  ASSY,QFN-16X8EPK-0.5-013-70-DRAWING - 2D&3D  ASSY,JAGUARLIDEASYPO-DRAWING - 2D&3D  ASSY,JAGUAR,LID,EASYPO,PO,PO,16,8,EPK,QFN,LEVI,90,100,100,0,90,90,DE,8.0,8.0,2.0,0.0,10.0,3.7886034182328987
248,QFN-16X8EPK-0.5-013-70,JAGUARLIDEASYPO,DRAWING - 2D&3D PARTS,QFN-16X8EPK-0.5-013-70-DRAWING - 2D&3D PARTS,JAGUARLIDEASYPO-DRAWING - 2D&3D PARTS,JAGUAR,LID,EASYPO,PO,PO,16,8,EPK,QFN,DJ,85,0,0,0,0,0,ADE,3.0,11.0,0.0,0.0,11.0,10.123700209177134
249,QFN-16X8EPK-0.5-013-70,JAGUARLIDEASYPO,DRAWING - 2D&3D PARTS,QFN-16X8EPK-0.5-013-70-DRAWING - 2D&3D PARTS,JAGUARLIDEASYPO-DRAWING - 2D&3D PARTS,JAGUAR,LID,EASYPO,PO,PO,16,8,EPK,QFN,MIKE,0,0,0,85,90,0,ADE,2.0,2.0,4.0,4.0,10.0,7.31841762885873
250,QFN-16X8EPK-0.5-013-70,JAGUARLIDEASYPO,DRAWING - 2D&3D PARTS,QFN-16X8EPK-0.5-013-70-DRAWING - 2D&3D PARTS,JAGUARLIDEASYPO-DRAWING - 2D&3D PARTS,JAGUAR,LID,EASYPO,PO,PO,16,8,EPK,QFN,MERVS,0,80,100,0,45,0,DE,7.0,8.0,0.0,3.0,11.0,5.97444831942119
251,QFN-16X8EPK-0.5-013-70,JAGUARLIDEASYPO,DRAWING - 2D&3D PARTS,QFN-16X8EPK-0.5-013-70-DRAWING - 2D&3D PARTS,JAGUARLIDEASYPO-DRAWING - 2D&3D PARTS,JAGUAR,LID,EASYPO,PO,PO,16,8,EPK,QFN,LEVI,90,100,100,0,90,90,DE,8.0,8.0,2.0,0.0,10.0,5.923072979402786
252,QFN-16X8EPK-0.5-013-70,JAGUARLIDEASYPO,FINAL CHECKING,QFN-16X8EPK-0.5-013-70-FINAL CHECKING,JAGUARLIDEASYPO-FINAL CHECKING,JAGUAR,LID,EASYPO,PO,PO,16,8,EPK,QFN,DJ,85,0,0,0,0,0,ADE,3.0,11.0,0.0,0.0,11.0,1.3901495038667333
253,QFN-16X8EPK-0.5-013-70,JAGUARLIDEASYPO,FINAL CHECKING,QFN-16X8EPK-0.5-013-70-FINAL CHECKING,JAGUARLIDEASYPO-FINAL CHECKING,JAGUAR,LID,EASYPO,PO,PO,16,8,EPK,QFN,MIKE,0,0,0,85,90,0,ADE,2.0,2.0,4.0,4.0,10.0,0.6584790779676215
254,QFN-16X8EPK-0.5-013-70,JAGUARLIDEASYPO,FINAL CHECKING,QFN-16X8EPK-0.5-013-70-FINAL CHECKING,JAGUARLIDEASYPO-FINAL CHECKING,JAGUAR,LID,EASYPO,PO,PO,16,8,EPK,QFN,MERVS,0,80,100,0,45,0,DE,7.0,8.0,0.0,3.0,11.0,0.8952250812415226
255,QFN-16X8EPK-0.5-013-70,JAGUARLIDEASYPO,FINAL CHECKING,QFN-16X8EPK-0.5-013-70-FINAL CHECKING,JAGUARLIDEASYPO-FINAL CHECKING,JAGUAR,LID,EASYPO,PO,PO,16,8,EPK,QFN,LEVI,90,100,100,0,90,90,DE,8.0,8.0,2.0,0.0,10.0,0.6189833339227586
256,QFN-16X8EPK-0.5-013-70,JAGUARLIDEASYPO,PARTS FINAL CHECKING,QFN-16X8EPK-0.5-013-70-PARTS FINAL CHECKING,JAGUARLIDEASYPO-PARTS FINAL CHECKING,JAGUAR,LID,EASYPO,PO,PO,16,8,EPK,QFN,DJ,85,0,0,0,0,0,ADE,3.0,11.0,0.0,0.0,11.0,3.794223744541015
257,QFN-16X8EPK-0.5-013-70,JAGUARLIDEASYPO,PARTS FINAL CHECKING,QFN-16X8EPK-0.5-013-70-PARTS FINAL CHECKING,JAGUARLIDEASYPO-PARTS FINAL CHECKING,JAGUAR,LID,EASYPO,PO,PO,16,8,EPK,QFN,MIKE,0,0,0,85,90,0,ADE,2.0,2.0,4.0,4.0,10.0,3.183370811045711
258,QFN-16X8EPK-0.5-013-70,JAGUARLIDEASYPO,PARTS FINAL CHECKING,QFN-16X8EPK-0.5-013-70-PARTS FINAL CHECKING,JAGUARLIDEASYPO-PARTS FINAL CHECKING,JAGUAR,LID,EASYPO,PO,PO,16,8,EPK,QFN,MERVS,0,80,100,0,45,0,DE,7.0,8.0,0.0,3.0,11.0,2.6218292619498857
259,QFN-16X8EPK-0.5-013-70,JAGUARLIDEASYPO,PARTS FINAL CHECKING,QFN-16X8EPK-0.5-013-70-PARTS FINAL CHECKING,JAGUARLIDEASYPO-PARTS FINAL CHECKING,JAGUAR,LID,EASYPO,PO,PO,16,8,EPK,QFN,LEVI,90,100,100,0,90,90,DE,8.0,8.0,2.0,0.0,10.0,2.5062157080596874
260,OTQ-48EPK-0.5-041-00,OTQSOCKETW/ REFPO,ASSY CHECKING,OTQ-48EPK-0.5-041-00-ASSY CHECKING,OTQSOCKETW/ REFPO-ASSY CHECKING,OTQ,SOCKET,W/ REFPO,PO,PO,48,1,EPK,OTQ,DJ,85,0,0,0,0,0,ADE,3.0,11.0,0.0,0.0,11.0,2.824090132678669
261,OTQ-48EPK-0.5-041-00,OTQSOCKETW/ REFPO,ASSY CHECKING,OTQ-48EPK-0.5-041-00-ASSY CHECKING,OTQSOCKETW/ REFPO-ASSY CHECKING,OTQ,SOCKET,W/ REFPO,PO,PO,48,1,EPK,OTQ,MIKE,0,0,0,85,90,0,ADE,2.0,2.0,4.0,4.0,10.0,1.4927098229147684
262,OTQ-48EPK-0.5-041-00,OTQSOCKETW/ REFPO,ASSY CHECKING,OTQ-48EPK-0.5-041-00-ASSY CHECKING,OTQSOCKETW/ REFPO-ASSY CHECKING,OTQ,SOCKET,W/ REFPO,PO,PO,48,1,EPK,OTQ,MERVS,0,80,100,0,45,0,DE,7.0,8.0,0.0,3.0,11.0,1.817816451640894
263,OTQ-48EPK-0.5-041-00,OTQSOCKETW/ REFPO,ASSY CHECKING,OTQ-48EPK-0.5-041-00-ASSY CHECKING,OTQSOCKETW/ REFPO-ASSY CHECKING,OTQ,SOCKET,W/ REFPO,PO,PO,48,1,EPK,OTQ,LEVI,90,100,100,0,90,90,DE,8.0,8.0,2.0,0.0,10.0,1.7210130700430488
264,OTQ-48EPK-0.5-041-00,OTQSOCKETW/ REFPO,DRAWING - 2D&3D  ASSY,OTQ-48EPK-0.5-041-00-DRAWING - 2D&3D  ASSY,OTQSOCKETW/ REFPO-DRAWING - 2D&3D  ASSY,OTQ,SOCKET,W/ REFPO,PO,PO,48,1,EPK,OTQ,DJ,85,0,0,0,0,0,ADE,3.0,11.0,0.0,0.0,11.0,4.393221084011181
265,OTQ-48EPK-0.5-041-00,OTQSOCKETW/ REFPO,DRAWING - 2D&3D  ASSY,OTQ-48EPK-0.5-041-00-DRAWING - 2D&3D  ASSY,OTQSOCKETW/ REFPO-DRAWING - 2D&3D  ASSY,OTQ,SOCKET,W/ REFPO,PO,PO,48,1,EPK,OTQ,MIKE,0,0,0,85,90,0,ADE,2.0,2.0,4.0,4.0,10.0,2.286253184600705
266,OTQ-48EPK-0.5-041-00,OTQSOCKETW/ REFPO,DRAWING - 2D&3D  ASSY,OTQ-48EPK-0.5-041-00-DRAWING - 2D&3D  ASSY,OTQSOCKETW/ REFPO-DRAWING - 2D&3D  ASSY,OTQ,SOCKET,W/ REFPO,PO,PO,48,1,EPK,OTQ,MERVS,0,80,100,0,45,0,DE,7.0,8.0,0.0,3.0,11.0,2.913228996496786
267,OTQ-48EPK-0.5-041-00,OTQSOCKETW/ REFPO,DRAWING - 2D&3D  ASSY,OTQ-48EPK-0.5-041-00-DRAWING - 2D&3D  ASSY,OTQSOCKETW/ REFPO-DRAWING - 2D&3D  ASSY,OTQ,SOCKET,W/ REFPO,PO,PO,48,1,EPK,OTQ,LEVI,90,100,100,0,90,90,DE,8.0,8.0,2.0,0.0,10.0,2.400499967689921
268,OTQ-48EPK-0.5-041-00,OTQSOCKETW/ REFPO,DRAWING - 2D&3D PARTS,OTQ-48EPK-0.5-041-00-DRAWING - 2D&3D PARTS,OTQSOCKETW/ REFPO-DRAWING - 2D&3D PARTS,OTQ,SOCKET,W/ REFPO,PO,PO,48,1,EPK,OTQ,DJ,85,0,0,0,0,0,ADE,3.0,11.0,0.0,0.0,11.0,9.048863563191397
269,OTQ-48EPK-0.5-041-00,OTQSOCKETW/ REFPO,DRAWING - 2D&3D PARTS,OTQ-48EPK-0.5-041-00-DRAWING - 2D&3D PARTS,OTQSOCKETW/ REFPO-DRAWING - 2D&3D PARTS,OTQ,SOCKET,W/ REFPO,PO,PO,48,1,EPK,OTQ,MIKE,0,0,0,85,90,0,ADE,2.0,2.0,4.0,4.0,10.0,4.930795633282742
270,OTQ-48EPK-0.5-041-00,OTQSOCKETW/ REFPO,DRAWING - 2D&3D PARTS,OTQ-48EPK-0.5-041-00-DRAWING - 2D&3D PARTS,OTQSOCKETW/ REFPO-DRAWING - 2D&3D PARTS,OTQ,SOCKET,W/ REFPO,PO,PO,48,1,EPK,OTQ,MERVS,0,80,100,0,45,0,DE,7.0,8.0,0.0,3.0,11.0,5.747295165855329
271,OTQ-48EPK-0.5-041-00,OTQSOCKETW/ REFPO,DRAWING - 2D&3D PARTS,OTQ-48EPK-0.5-041-00-DRAWING - 2D&3D PARTS,OTQSOCKETW/ REFPO-DRAWING - 2D&3D PARTS,OTQ,SOCKET,W/ REFPO,PO,PO,48,1,EPK,OTQ,LEVI,90,100,100,0,90,90,DE,8.0,8.0,2.0,0.0,10.0,4.805551912809287
272,OTQ-48EPK-0.5-041-00,OTQSOCKETW/ REFPO,MESLINK,OTQ-48EPK-0.5-041-00-MESLINK,OTQSOCKETW/ REFPO-MESLINK,OTQ,SOCKET,W/ REFPO,PO,PO,48,1,EPK,OTQ,DJ,85,0,0,0,0,0,ADE,3.0,11.0,0.0,0.0,11.0,2.8932703817702534
273,OTQ-48EPK-0.5-041-00,OTQSOCKETW/ REFPO,MESLINK,OTQ-48EPK-0.5-041-00-MESLINK,OTQSOCKETW/ REFPO-MESLINK,OTQ,SOCKET,W/ REFPO,PO,PO,48,1,EPK,OTQ,MIKE,0,0,0,85,90,0,ADE,2.0,2.0,4.0,4.0,10.0,2.182051229504007
274,OTQ-48EPK-0.5-041-00,OTQSOCKETW/ REFPO,MESLINK,OTQ-48EPK-0.5-041-00-MESLINK,OTQSOCKETW/ REFPO-MESLINK,OTQ,SOCKET,W/ REFPO,PO,PO,48,1,EPK,OTQ,MERVS,0,80,100,0,45,0,DE,7.0,8.0,0.0,3.0,11.0,2.4411821922934007
275,OTQ-48EPK-0.5-041-00,OTQSOCKETW/ REFPO,MESLINK,OTQ-48EPK-0.5-041-00-MESLINK,OTQSOCKETW/ REFPO-MESLINK,OTQ,SOCKET,W/ REFPO,PO,PO,48,1,EPK,OTQ,LEVI,90,100,100,0,90,90,DE,8.0,8.0,2.0,0.0,10.0,2.2651486093667517
